상품ID,영문명,한글명,가격,이미지URL(들)
369,Nike SB Dunk Low Heineken,나이키 SB 덩크 로우 하이네켄,"8,000,000원",https://kream-phinf.pstatic.net/MjAyMDEwMjJfMzYg/MDAxNjAzMzMzOTQ3NDMx.Ca7Od-6hnOBdCfbJWjQiLApXtKotB5Z1-83NR35WN7Ag.BQM-n1zwnz9eiA2HfEot0x9DGCeah37Rkrr-nK6NnXsg.PNG/p_369_0_3767018eaa064ff7bc849e0acc227c8e.png|https://kream-phinf.pstatic.net/MjAyNTA1MTRfMTk0/MDAxNzQ3MjEzNzk5NDA3.CQx31BMe98ylaCisPkntjFAb1CsXoKrSybrrBuP8NsUg.1ikNCn6slSxSz2NMczR39oTuP5G0fDM4_LmQzoUl-94g.PNG/a_eac721dc7a2b40e695f9e5a3ec0aa0c3.png|https://kream-phinf.pstatic.net/MjAyNDEyMzFfMTcx/MDAxNzM1NjA3ODk2NjU1.t_wd17F_vwaA2Z9bV5-I3BUwme8rPfkcgo8prtFkcUcg.V2W-EMImD3RuYx3_1RY5ePNqOYQC5ZOGGyTHNfEJ4rAg.PNG/a_91a1577a973f47ab939f1fe97316b742.png|https://kream-phinf.pstatic.net/MjAyMDEyMjlfMjY5/MDAxNjA5MjA4ODE4NDQ4.5zeuJuzMvSccyElJh9sCI1o2Z8TqWzRM0BYBPNnd0YUg.ZI7YVjveOernScMr33PKwa3HYI6IE7XoPE_ksSeHxxcg.PNG/p_2d629e38832f48b78c33701ea685b5a3.png|https://kream-phinf.pstatic.net/MjAyNDEyMzFfMTAg/MDAxNzM1NjA3ODczMzAz.jV396CoL40EyInAkSbZvCxE81mEHGYELZm2TghDCW1wg.9HFEjr3fEzWE1ndx-6Dr6Q0apiPT00kC1ROyEfto-WEg.PNG/a_cc96ac714d2141dcb2683829577e9509.png|https://kream-phinf.pstatic.net/MjAyNDAxMjZfMjk2/MDAxNzA2MjU2MDI1MjQy.zOWsy_mpuIJWQ7uIkHTZklp2srzVfsMj0G1J1jt72pIg.VuCeGYBx0zjLwfZwYfYn7wdWpL-BDhia5iEoqQNu9xMg.PNG/a_ae909e0cc0e649488d8cf2cb3a50d72b.png|https://kream-phinf.pstatic.net/MjAyMTExMzBfMjg1/MDAxNjM4MjY3MjM3NTgx.Lz3EH66RdonirhvZ8Xn9-RZXcUUj8Cey3al-hLKTA3Ug.OcVFGmrCozcmwyl6Gb5Mreo7rfW-4UGfjnCPVq_xSW8g.PNG/a_eeda70fbb37f48be9de1fe718412046f.png|https://kream-phinf.pstatic.net/MjAyNDExMDFfMTQw/MDAxNzMwNDUyNjU0Mzg2.bX9d_OrkyjGBGr0taYKUXc7uAdEDNQzkOXCJV_iOv00g.dMBRyB99UqgNS6rjd6CWa_LsJ1czoWdC96T0sFWNJG4g.PNG/a_26d70b0b940a49bdb5b38cd4bc2a5d50.png|https://kream-phinf.pstatic.net/MjAyNDAxMjZfMjY3/MDAxNzA2MjU2MDA4ODAz.E_JprkokcIjB9h2uZAhmeqjeJNjTD2cwAIN16dORCjQg.ottYyl22wGGT9egZkMmuMxsfl-QVHRmZFmlr88shRIEg.PNG/a_81515be01a704f989f7dc8751a971182.png
145,Jordan 1 Retro Chicago 1994,조던 1 레트로 시카고 1994,"4,000,000원",https://kream-phinf.pstatic.net/MjAyMDEwMjJfNTkg/MDAxNjAzMzMzOTI3MDA0.WNPDGrGTWfzJajHzijpem7HLOQkCoGzQlpU8YlFV50Ig.NkP3sTsUE570XP1WYCsIEMhidHuSNzxvFH-Fnti98JQg.PNG/p_145_0_041608de5e1e49d382e95ce1474e80a7.png|https://kream-phinf.pstatic.net/MjAyMDEwMjJfNzkg/MDAxNjAzMzMzOTI1NTQ5.LNsUhztRjt04Ij33JTNu8P1WTquCmZclPgglaVlzqLkg.x7D1uXUnIbo0iwk7a4tp4SypCK-OuF8c1Z8dPklPxf0g.PNG/p_256_0_af06732e70a542a4816e9eaa7f902de8.png|https://kream-phinf.pstatic.net/MjAyMDEwMjJfNzUg/MDAxNjAzMzMzOTM5Njk3.iUBHgzqa2UoiR3dIp7amFUz9OhhB8_KHDq83B3WoqD0g.zp7M9FoVU2u9bNCFjKYi7JQT4sdYeuZNPUuUR7HQU4cg.PNG/p_263_0_f72546715c38412e95465e1353901e52.png|https://kream-phinf.pstatic.net/MjAyMjAyMDlfMTEx/MDAxNjQ0MzY5NTk5ODk5.-PX5cQrT2hooAr2r90mdV1h8LaU_UbsBSod-gWZBZVcg.rxiPjDhjkmqu2qL2h6a9LW33Mtk-lu9I1GURMLYOFNUg.PNG/a_0662ad47bc0147cf886f6ca16618a7cf.png|https://kream-phinf.pstatic.net/MjAyMTEyMzFfODQg/MDAxNjQwOTIxNTIyNTUx.tzSS9DW6dKd0DVp3RFY2ERmv4INcKc6Oi7gHizHSOjIg._bWB50Q6OQ_NpX10JRQlYhvAOuGyzAGV743zm9olWBAg.PNG/a_1be96e1c6d204dfc9cda60d794ea641a.png|https://kream-phinf.pstatic.net/MjAyMDEwMjJfMTk2/MDAxNjAzMzMzOTI0Njcx.5TYJ8M4eCuMvM2_Dlj-RKlQWETy5k3xgMNDcbkke2I8g.pVHZoyzJVCWhgnYV_jzWX9xym0kj_YfRR_0rQR47LCUg.PNG/p_1686_0_bf90031c365c4fc69772c99902f0f7dc.png|https://kream-phinf.pstatic.net/MjAyMDEwMjJfMjU0/MDAxNjAzMzMzOTM1ODU5.Js4hqNuoMsx7nsmkN0SKzpcSPVYkCUfxbT-8nk-XtV4g.vXZP_czMjvjdciL2xt6KfrPbbkpuod-2fj6z7E3ipN0g.PNG/p_6554_0_ecea127a77dc459ab3b6a812bb1b09c5.png|https://kream-phinf.pstatic.net/MjAyMDEwMjJfMjI5/MDAxNjAzMzMzOTI2Nzk1.eHhi86FCUi-NrpD-eTjg9fim0aus_xFGQqxotWA6CJcg.bscInxFyrKbXOQrpFYD-PU6LYw1nKcBdWVANwcewJSQg.PNG/p_9629_0_75cf5ae032c4485eac0332295b69ee48.png|https://kream-phinf.pstatic.net/MjAyMDEwMjJfNTYg/MDAxNjAzMzMzOTMyMTE3.Q47FpFx0V3FeoZZuI3LzW37pVzr_bmknTdAUJPFdXewg._lgIG3Boi_BFazG1UKHlbGOqRZdJJmLwUAboGkRmCPUg.PNG/p_4767_0_646aa898e33a4f868bddd878db6fc9d8.png|https://kream-phinf.pstatic.net/MjAyMDEwMjJfMjk0/MDAxNjAzMzMzOTQ5MzA2.INPLqMj8N8TKTgHWU2852XxiCWZBMY7yTTPRAnyaR0Mg.AZfKfJkQ9euJWXRnoOVaEnPg9LwvK2H-1PD_BepiCJYg.PNG/p_3105_0_dbab00cab5fc4cdcad4366907272058b.png|https://kream-phinf.pstatic.net/MjAyMDEwMjJfMTA0/MDAxNjAzMzMzOTM4MzMw.7p0JQZ1d44JBz4ga9l6UsELyk2Gile58QmLB4AUFq1Eg.t-XYhwmJFa1uPWslqi2j8QYlnH0MrbMfR1_Jryqkg0kg.PNG/p_5026_0_995d222a7e3840cd951e28ffe85879bb.png|https://kream-phinf.pstatic.net/MjAyMDEwMjJfMjA4/MDAxNjAzMzMzOTM2MDY0.lM09Gf9yQZuvx5Mwe396NfE87HmW1_GZsZmxfdTrYCMg.352DY9cDyjzP6QN1IZ4_CVQMU8fcmTvaTNX2of9kRKAg.PNG/p_4778_0_4a5ecea5ffb14864b89bd6bcbd9dd240.png|https://kream-phinf.pstatic.net/MjAyMDEwMjJfNyAg/MDAxNjAzMzMzOTI2OTgz.s6i5YjvbUxCMC-2kvDa8Tt1rtwm8gl5wYOCsl0TW7nkg.UAk9T84bEf77fZ1glMdP7rJKxbwJ-A_Aqi7OOfaBE9Yg.PNG/p_4779_0_9031779e1a6d4334be86d90acb8eda0b.png
3965,Nike Air Yeezy 2 Red October,나이키 에어 이지 2 레드 옥토버,"17,800,000원",https://kream-phinf.pstatic.net/MjAyMDEwMjJfMjQw/MDAxNjAzMzMzOTMzMTY4.dbLD7mHE88RLVEAp8O--Tq2E2R-7lUrOb-Ulm7zPPhkg.FUQnYZumVTBTWQ9ZFklFD4RTrKxHC7AF6V5AlUhHN18g.PNG/p_3965_0_96fb415f58ee4c18befb37fde4df3929.png|https://kream-phinf.pstatic.net/MjAyMDEwMjJfMjUw/MDAxNjAzMzMzOTI4ODk4.jLHXW26hHco0MZrtA4gLR-W996N8gM1lGh55ouyX3-Yg.dhrKFku6u3njmiOrMbdcCxHB4VO-OWLFoq5Um5_A78og.PNG/p_2745_0_8dd81bba12804b62ae8b0c767110b10a.png|https://kream-phinf.pstatic.net/MjAyMDEwMjJfMTMg/MDAxNjAzMzMzOTUyOTgy.q_5xm9NkIhyqLq3pIycXDP6ps6INj1lWQgl6Kt7FvPsg.UGR6MIzAxAyZyI4x8dgLx2Nd8f4ZcVs8EszVXDbnbK0g.PNG/p_2743_0_e74540f2331f4b4483b533ae74e1f845.png
10482,Nike x Tom Sachs Mars Yard Shoe 2.0 Space Camp,나이키 x 톰 삭스 마스야드 슈 2.0 스페이스 캠프,"6,000,000원",https://kream-phinf.pstatic.net/MjAyMDEwMjJfMTcz/MDAxNjAzMzMzOTM2MzU0.2skbG5lojj6rN-jbRhs7PA1TBR-jzHLrkRDd8Jf91NQg.3hoNr806rGhi9f4658Zlf-iHtQQ1cRdcc6X8tuRCc_Ag.PNG/p_10482_0_31bcc574daca4f799e13452664514de2.png|https://kream-phinf.pstatic.net/MjAyMDEwMjJfMTU3/MDAxNjAzMzMzOTQ0NDU1.fm4iesdx3W2U509TsBB5vLyxQZTNEPgL5EjTiuhxXRog.2mFQeN6yIaMOMtaT-Ir1A3FpJimn-uRfIlrDQh84XP8g.PNG/p_2719_0_4ad1a3f5bfd145fbb1ef533dd1e4fbe6.png
144,Jordan 1 Retro Bred 1994,조던 1 레트로 브레드 1994,"4,800,000원",https://kream-phinf.pstatic.net/MjAyMTEyMzFfODQg/MDAxNjQwOTIxNTIyNTUx.tzSS9DW6dKd0DVp3RFY2ERmv4INcKc6Oi7gHizHSOjIg._bWB50Q6OQ_NpX10JRQlYhvAOuGyzAGV743zm9olWBAg.PNG/a_1be96e1c6d204dfc9cda60d794ea641a.png|https://kream-phinf.pstatic.net/MjAyMDEwMjJfNzkg/MDAxNjAzMzMzOTI1NTQ5.LNsUhztRjt04Ij33JTNu8P1WTquCmZclPgglaVlzqLkg.x7D1uXUnIbo0iwk7a4tp4SypCK-OuF8c1Z8dPklPxf0g.PNG/p_256_0_af06732e70a542a4816e9eaa7f902de8.png|https://kream-phinf.pstatic.net/MjAyMDEwMjJfNzUg/MDAxNjAzMzMzOTM5Njk3.iUBHgzqa2UoiR3dIp7amFUz9OhhB8_KHDq83B3WoqD0g.zp7M9FoVU2u9bNCFjKYi7JQT4sdYeuZNPUuUR7HQU4cg.PNG/p_263_0_f72546715c38412e95465e1353901e52.png|https://kream-phinf.pstatic.net/MjAyMjAyMDlfMTEx/MDAxNjQ0MzY5NTk5ODk5.-PX5cQrT2hooAr2r90mdV1h8LaU_UbsBSod-gWZBZVcg.rxiPjDhjkmqu2qL2h6a9LW33Mtk-lu9I1GURMLYOFNUg.PNG/a_0662ad47bc0147cf886f6ca16618a7cf.png|https://kream-phinf.pstatic.net/MjAyMDEwMjJfNTkg/MDAxNjAzMzMzOTI3MDA0.WNPDGrGTWfzJajHzijpem7HLOQkCoGzQlpU8YlFV50Ig.NkP3sTsUE570XP1WYCsIEMhidHuSNzxvFH-Fnti98JQg.PNG/p_145_0_041608de5e1e49d382e95ce1474e80a7.png|https://kream-phinf.pstatic.net/MjAyMDEwMjJfMTk2/MDAxNjAzMzMzOTI0Njcx.5TYJ8M4eCuMvM2_Dlj-RKlQWETy5k3xgMNDcbkke2I8g.pVHZoyzJVCWhgnYV_jzWX9xym0kj_YfRR_0rQR47LCUg.PNG/p_1686_0_bf90031c365c4fc69772c99902f0f7dc.png|https://kream-phinf.pstatic.net/MjAyMDEwMjJfMjU0/MDAxNjAzMzMzOTM1ODU5.Js4hqNuoMsx7nsmkN0SKzpcSPVYkCUfxbT-8nk-XtV4g.vXZP_czMjvjdciL2xt6KfrPbbkpuod-2fj6z7E3ipN0g.PNG/p_6554_0_ecea127a77dc459ab3b6a812bb1b09c5.png|https://kream-phinf.pstatic.net/MjAyMDEwMjJfMjI5/MDAxNjAzMzMzOTI2Nzk1.eHhi86FCUi-NrpD-eTjg9fim0aus_xFGQqxotWA6CJcg.bscInxFyrKbXOQrpFYD-PU6LYw1nKcBdWVANwcewJSQg.PNG/p_9629_0_75cf5ae032c4485eac0332295b69ee48.png|https://kream-phinf.pstatic.net/MjAyMDEwMjJfNTYg/MDAxNjAzMzMzOTMyMTE3.Q47FpFx0V3FeoZZuI3LzW37pVzr_bmknTdAUJPFdXewg._lgIG3Boi_BFazG1UKHlbGOqRZdJJmLwUAboGkRmCPUg.PNG/p_4767_0_646aa898e33a4f868bddd878db6fc9d8.png|https://kream-phinf.pstatic.net/MjAyMDEwMjJfMjk0/MDAxNjAzMzMzOTQ5MzA2.INPLqMj8N8TKTgHWU2852XxiCWZBMY7yTTPRAnyaR0Mg.AZfKfJkQ9euJWXRnoOVaEnPg9LwvK2H-1PD_BepiCJYg.PNG/p_3105_0_dbab00cab5fc4cdcad4366907272058b.png|https://kream-phinf.pstatic.net/MjAyMDEwMjJfMTA0/MDAxNjAzMzMzOTM4MzMw.7p0JQZ1d44JBz4ga9l6UsELyk2Gile58QmLB4AUFq1Eg.t-XYhwmJFa1uPWslqi2j8QYlnH0MrbMfR1_Jryqkg0kg.PNG/p_5026_0_995d222a7e3840cd951e28ffe85879bb.png|https://kream-phinf.pstatic.net/MjAyMDEwMjJfMjA4/MDAxNjAzMzMzOTM2MDY0.lM09Gf9yQZuvx5Mwe396NfE87HmW1_GZsZmxfdTrYCMg.352DY9cDyjzP6QN1IZ4_CVQMU8fcmTvaTNX2of9kRKAg.PNG/p_4778_0_4a5ecea5ffb14864b89bd6bcbd9dd240.png|https://kream-phinf.pstatic.net/MjAyMDEwMjJfNyAg/MDAxNjAzMzMzOTI2OTgz.s6i5YjvbUxCMC-2kvDa8Tt1rtwm8gl5wYOCsl0TW7nkg.UAk9T84bEf77fZ1glMdP7rJKxbwJ-A_Aqi7OOfaBE9Yg.PNG/p_4779_0_9031779e1a6d4334be86d90acb8eda0b.png|https://kream-phinf.pstatic.net/MjAyMDEwMjJfMTI4/MDAxNjAzMzMzOTM5MTIx.gqjgtGAbXWW6ChGqEtVQ59QisydyWyDR95_tbPrjsD8g.YRR-DwZlcdTM_eOtGWyfj4rt8FSQKXH2tK-lK9LXJ8sg.PNG/p_2603_0_57dc68f41c8044baabfc2fb44b173455.png|https://kream-phinf.pstatic.net/MjAyMTAyMDNfNzYg/MDAxNjEyMzM1Njg5MDA3.RBmDafmnMfavA49ls6DBlj5-T9UOhc1B_Fa8rvROxZ4g.lx_ndsywlW4EAHyq6RvQ6Yn3HDCO-jcJeaJMCAO3iNIg.PNG/p_355b8a3ca2ed4d2ca46054ad623be0f0.png|https://kream-phinf.pstatic.net/MjAyMDEwMjJfMjgy/MDAxNjAzMzMzOTcyNTg0.wn4cx3Ju_lr8qgcBCyxOH-Ygd73149G-l3CgkupbQKog.6NoB2kf1ifakTbWOk6B3Z5Nkk7512CxNZyjX_y0-mjsg.PNG/p_24423_0_774da5e285c741698038de21d4616740.png|https://kream-phinf.pstatic.net/MjAyMDEwMjJfOTkg/MDAxNjAzMzMzOTk4NjI0.k9MIbt3MRL_JA2U-vkPjrVRquQI_5YJxKEIQ1AQKBCog.bXuQetpiDuv9Ecc-RDLYV9RrTv7qykvQ9kW2kVns5eog.PNG/p_4712_0_3d9431a3f45e4fcdae5e0c81edd18702.png|https://kream-phinf.pstatic.net/MjAyMDEwMjJfNzMg/MDAxNjAzMzMzOTI2MTU0.nSV2r7QjGbZkC3APDqARq_ZaglYFNby7IeUZid21YwIg.iGj_-l3K8_WDSXv3WlLfBOFq8ioEpitDyGz98UURnw4g.PNG/p_1389_0_d0f5e83393e54b19be138cb2ddef17b3.png|https://kream-phinf.pstatic.net/MjAyMDEwMjJfMjg4/MDAxNjAzMzMzOTMxMDA4.hWIjpQkqeVkssqTNzAv7jEHlpaE1mKoSJlNqqR-fycsg.j0i9tngNytKhWg_VsYA2Mwy9mpfiT_NVI0klACcwi6Ag.PNG/p_1391_0_6f7053ad8f814a5c920a7bb2b73444c8.png|https://kream-phinf.pstatic.net/MjAyMDEwMjJfMTI3/MDAxNjAzMzM0OTU2NzEy.zy73r6CC3BIdGnE5LFEMnlsMKP_tQ1yczTJ1wqgzLXog.WyWJgNLl0hRz_eAJ9NjLXCX4zwR3cAlhBWRIWqLE7Jwg.PNG/p_4339_0_1a1b31c489984560a565f87d114c71ca.png
9563,Nike x VLONE Air Force 1 Low 2017,나이키 x 브이론 에어포스 1 로우 2017,"6,000,000원",https://kream-phinf.pstatic.net/MjAyMDEwMjJfNDIg/MDAxNjAzMzMzOTUxNTg5.YV90laS1nu8ypBXI3j__LqaBZ_brHa3twJfx6wkOTq0g.GJMQV3qvBGkRihD2nnCoK7AnBueSS7wovlXN4cHYxcsg.PNG/p_9563_0_2840c6ceb1da4a479ac21ca05c64f3ff.png|https://kream-phinf.pstatic.net/MjAyNTAzMTdfMjU5/MDAxNzQyMTc4Mjk4NTg2.4jnW11NB6OywQ6p9X4ZncuJax9ICzMQIDcL5hGAI6bkg.KnaxELgtV4xxhhgCarSVO_BexJWQrxegiWipppDsxgog.PNG/a_1521287eec91477993274a9d46f0bfca.png|https://kream-phinf.pstatic.net/MjAyNTA0MDRfNzUg/MDAxNzQzNzU5NDEyMjc3.P6IgBiH5E1yCqTm0MYIptPo8mzBQEfS4iQWLZXk3PR4g.3ldAyKWSpOjN7iT459afrg29R32-eImZMT5DW96QuI4g.PNG/a_753540eed4c64d2caa296db2ce3fc180.png|https://kream-phinf.pstatic.net/MjAyNTA2MTNfMjE3/MDAxNzQ5Nzg2NTQ1Nzc2.kTdP1Entse9mXkyOZbiSO8dZayPE3Za60O3cDnflod8g.xai32yhtJ1NOurn4IGVVN5Uepngx5wr492G6BoAQlYMg.PNG/a_cc2d54cb8a534c309bc11eaa491c5f11.png|https://kream-phinf.pstatic.net/MjAyNTA2MThfMTY3/MDAxNzUwMjQwMzk1MjM2.SK_a6ETnWj3Teuz05UcB8C8baSoWn1BbF9EwH45T6jwg.OgFQY2_8IQnlg_2ig-s_Euf7NqKWav_Yvw5MX5wGNtkg.PNG/a_fbb0a867987c4356b84ba2d0fd6fe14c.png|https://kream-phinf.pstatic.net/MjAyMDEyMDlfMTQ0/MDAxNjA3NDk3MDQ0OTMy.Yjyz_mOh6GdFJNXW9OuAM-xIBsRWnRV8YDMSW8Mnz1gg.S0PdAbJbdWEj3MOukmEljkc29FyWLezSULhJXda6_iwg.PNG/p_f86b952c9bd54be48dcb2d9529df596c.png
24807,Nike x Ben & Jerry's SB Dunk Low Chunky Dunky (Special Box),나이키 x 벤앤제리스 SB 덩크 로우 청키 덩키 (스페셜 박스),"2,700,000원",https://kream-phinf.pstatic.net/MjAyMDEwMjJfMTk3/MDAxNjAzMzMzOTYzMzY4.0I0gNTV1mZINYVDMdwX4R7h14J08VPw6nXBa2b7d_eMg.6rpGNsRfLCvJO4YCpEqkTvAEOz4vlCRg_M1fju7azwUg.PNG/p_24807_0_ef6651af72cc4e829abea6a6647e7569.png|https://kream-phinf.pstatic.net/MjAyMDEwMjJfMTk3/MDAxNjAzMzMzOTkxOTc3._t-ZF86F7eMpi9gIFfo5YpeO9hosjEKzTllTQWTdR1cg.61mOcJ7PAuO57RlGKstK6Ny-KTrl8C2Y8dvZikMCOPcg.PNG/p_23950_0_b0fe0f5283274791b7c937a334939397.png
11274,Jordan 1 x Off-White Retro High Chicago The Ten,조던 1 x 오프화이트 레트로 하이 시카고 더 텐,"5,199,000원",https://kream-phinf.pstatic.net/MjAyMDEwMjJfMjUz/MDAxNjAzMzMzOTM4NTIz.AB_iXxAQfk_EQTBq8QJNr3901qWPAuhG3xpRPCLw5Osg.9eE6E_6SgXAWg08qw9HjNIFQdpIpaLI9_SU5Y7wksJkg.PNG/p_11274_0_9cf1cedd81d846bbbbdf7ab94d898210.png|https://kream-phinf.pstatic.net/MjAyMDEwMjJfMjU1/MDAxNjAzMzMzOTQ3NTcx.b5nf_bs5FtJ4HcgMHMdvS7G-fQu7J9SoBvHUD_ZgXswg.B4i5AmYektYS5dcW9zSPyGVV188GFbU61OUpChIpbxog.PNG/p_15538_0_6486244ec42c4f189fe9bbae65289cc0.png|https://kream-phinf.pstatic.net/MjAyMDEwMjJfMjQ1/MDAxNjAzMzMzOTUwMzI1._-_JeXtWTfs7HqqJ024_CNQihKTa_0Jb0ixQAXJ49hIg.oW0TSyYlwzK8k-p2VUrSyTfgiXRMaq8UaW92VRP7Fd8g.PNG/p_14211_0_ee342343d11446deac1948b892a58720.png
25894,Nike x Off-White Air Force 1 Low '07 MoMA,나이키 x 오프화이트 에어포스 1 로우 '07 모마,"9,900,000원",https://kream-phinf.pstatic.net/MjAyMDEwMjJfMjYx/MDAxNjAzMzM0MDE2MTM2.ksZby26XuB8ZkM0LoS7DVSmICRqFv7Cbe548a15acm8g.ma4fX9BR2kSav5gaQMcXD5zXkL8bvdO7CYosXR6KCvAg.PNG/p_25894_0_eb94888c8b7b4de8a639a7d1fae4c428.png|https://kream-phinf.pstatic.net/MjAyMTA3MTNfMTQw/MDAxNjI2MTQ0MTIzNTQ0.ZP8FuRjaJDVMx9SPT-e4opiamLzOUMH6uD1Iley8D5cg.b_tkDNkxnM1R-HgL2zTh14PUimGzT6hTfH3OrJJZB3og.PNG/p_0605a1512a2d47beafb62e877f3ea357.png|https://kream-phinf.pstatic.net/MjAyMDEwMjJfMjA1/MDAxNjAzMzMzOTU0MTI1.SsQV8WN5BIKgJ2SSUhaSeDqF5WyBhvc6vu-z69dbT2cg.6bETqlD4JPwJ33iNe76K3pbiaukO0zAmnq4QO6pHIS0g.PNG/p_18119_0_d80a3d3ebeb24a8d9b052118bbd0c252.png|https://kream-phinf.pstatic.net/MjAyMDEwMjJfNTUg/MDAxNjAzMzMzOTUxNDQw.L5p86SQEQMuqSKX_baM-1uJ2Bz8RANBWg9yEEX4z0X4g.-XeSHzRpaIxKvUQq3OfURzxwvzxLpd_PA2o_4oFB0AMg.PNG/p_18118_0_422907bdcc3140b19fb660ae1edca5de.png|https://kream-phinf.pstatic.net/MjAyMjA5MTNfMzYg/MDAxNjYzMDQ0MzI5ODI3.6ltIrjtj4WD5nARaYo6aXc26G9E-wW4BmOjHtfb6tdUg.AEYNMFkbR9AJ4-JNhRoAzcMUe3Zh1SwhByWv5akPrLcg.PNG/a_5ff33ca70f094a2e9c594af58e7a748b.png
2719,Nike x Tom Sachs Mars Yard Shoe 1.0 Space Camp,나이키 x 톰 삭스 마스야드 슈 1.0 스페이스 캠프,"23,600,000원",https://kream-phinf.pstatic.net/MjAyMDEwMjJfMTU3/MDAxNjAzMzMzOTQ0NDU1.fm4iesdx3W2U509TsBB5vLyxQZTNEPgL5EjTiuhxXRog.2mFQeN6yIaMOMtaT-Ir1A3FpJimn-uRfIlrDQh84XP8g.PNG/p_2719_0_4ad1a3f5bfd145fbb1ef533dd1e4fbe6.png|https://kream-phinf.pstatic.net/MjAyMDEwMjJfMTcz/MDAxNjAzMzMzOTM2MzU0.2skbG5lojj6rN-jbRhs7PA1TBR-jzHLrkRDd8Jf91NQg.3hoNr806rGhi9f4658Zlf-iHtQQ1cRdcc6X8tuRCc_Ag.PNG/p_10482_0_31bcc574daca4f799e13452664514de2.png
16230,Nike x Travis Scott Air Force 1 Low Sail,나이키 x 트래비스 스캇 에어포스 1 로우 세일,"1,700,000원",https://kream-phinf.pstatic.net/MjAyMDEwMjJfMTAx/MDAxNjAzMzMzOTMxMjk0.fo6XGkotTL9vnqrVr5abbzC3WtnYcwxqnu31yYfQ4-4g.4CftAcUu1h5QEj947dgRlGDaSgpBsZPS57JgkTycOMkg.PNG/p_16230_0_8459cd520b8a4652a54d9c46ed02f335.png|https://kream-phinf.pstatic.net/MjAyMDEwMjJfMTYg/MDAxNjAzMzMzOTM4ODUz._lYMMKcEBlWE-5oXtd7DqpYuyFtoyLC_UKDDTEioqJAg.Ud0wrxIk782sg8ZwWZ4XWus2rI1ugl9WfLeYJahvuKMg.PNG/p_12332_0_4a3d48e487114c11a1ece98934e75008.png|https://kream-phinf.pstatic.net/MjAyNTAzMTdfMjU5/MDAxNzQyMTc4Mjk4NTg2.4jnW11NB6OywQ6p9X4ZncuJax9ICzMQIDcL5hGAI6bkg.KnaxELgtV4xxhhgCarSVO_BexJWQrxegiWipppDsxgog.PNG/a_1521287eec91477993274a9d46f0bfca.png|https://kream-phinf.pstatic.net/MjAyNTA0MDRfNzUg/MDAxNzQzNzU5NDEyMjc3.P6IgBiH5E1yCqTm0MYIptPo8mzBQEfS4iQWLZXk3PR4g.3ldAyKWSpOjN7iT459afrg29R32-eImZMT5DW96QuI4g.PNG/a_753540eed4c64d2caa296db2ce3fc180.png|https://kream-phinf.pstatic.net/MjAyNTA2MTNfMjE3/MDAxNzQ5Nzg2NTQ1Nzc2.kTdP1Entse9mXkyOZbiSO8dZayPE3Za60O3cDnflod8g.xai32yhtJ1NOurn4IGVVN5Uepngx5wr492G6BoAQlYMg.PNG/a_cc2d54cb8a534c309bc11eaa491c5f11.png|https://kream-phinf.pstatic.net/MjAyNTA2MThfMTY3/MDAxNzUwMjQwMzk1MjM2.SK_a6ETnWj3Teuz05UcB8C8baSoWn1BbF9EwH45T6jwg.OgFQY2_8IQnlg_2ig-s_Euf7NqKWav_Yvw5MX5wGNtkg.PNG/a_fbb0a867987c4356b84ba2d0fd6fe14c.png|https://kream-phinf.pstatic.net/MjAyMDEyMDlfMTQ0/MDAxNjA3NDk3MDQ0OTMy.Yjyz_mOh6GdFJNXW9OuAM-xIBsRWnRV8YDMSW8Mnz1gg.S0PdAbJbdWEj3MOukmEljkc29FyWLezSULhJXda6_iwg.PNG/p_f86b952c9bd54be48dcb2d9529df596c.png|https://kream-phinf.pstatic.net/MjAyMDEwMjJfMjQy/MDAxNjAzMzMzOTU2OTcx._HHY_vQvT89edws5FO7jNhK5hYAxNgNZ_iBthSAitlIg.JLKB_odhB1sfz4J_kVV3jlTsIhpKKdckDYgcfxX3Iycg.PNG/p_22775_0_ae6eac8d026e4ee8ac2a2ed9c77cc016.png
24819,Nike x Grateful Dead SB Dunk Low Orange Bear,나이키 x 그레이트풀 데드 SB 덩크 로우 오렌지 베어,"6,850,000원",https://kream-phinf.pstatic.net/MjAyMDEwMjJfMjI3/MDAxNjAzMzM0MDAzMjA5.9hZs3Hpptmk5yPF3oVCv0sIVU5KW4fq29kY-jGCzHaYg.9kl5wWk2hP8ZTYxbjNlOSUfBV0ZVrJ6FRI556DROAcYg.PNG/p_24819_0_285aea6278324a0aba62888adac8a7ae.png|https://kream-phinf.pstatic.net/MjAyMDEwMjJfNiAg/MDAxNjAzMzMzOTkxMDk5.wGAqZoa8lB6JJVRJV1tG58-SN7BMM5161zCqWsH-alcg.CjllVttHWO719PUPZ7Akx7PrZABWjZM8_SWYc1tCLB0g.PNG/p_24820_0_383ccb323a6b406faf99fe235ddc8527.png|https://kream-phinf.pstatic.net/MjAyMDEwMjJfMSAg/MDAxNjAzMzM0MDEwODU3.vGFcZ-xBMKRuEoCDqOCku6tuuHLVgUR9Fz5RT9RkXKkg.qvu_Rj2_YL-pAJcKPLTi352O1dnHOAfItC7bmlgQB1gg.PNG/p_24821_0_09012124fa604467b689ad3f3da250bc.png
920,Nike x SBTG Dunk SB Low,나이키 x 사보타지 덩크 SB 로우,"4,599,000원",https://kream-phinf.pstatic.net/MjAyMDEwMjJfMzkg/MDAxNjAzMzMzOTM0Nzkz.ymHQLMbaXvigR-sJxleELqejBi7m6voH5-8ohnfnLygg.FYzVojxOCIG-_ZVWj-I9Xf2ipj4o7-siXlZrGvh9fqMg.PNG/p_920_0_531b82b670304006811bcd40bab9b092.png|https://kream-phinf.pstatic.net/MjAyMTAzMDJfMjUw/MDAxNjE0NjUyNzMxNTU2.jQlpMRYLx_dNGm2Dr_HKo5miKOHg9Be7twmFRBgMEUMg.L7JNPDgISRtH0190SIGnYsj66Fr9RDFCWQ9j9rwDkTUg.PNG/p_4357d31c634740058acfff83812282f8.png|https://kream-phinf.pstatic.net/MjAyMTAzMDJfMTAg/MDAxNjE0NjUzOTM5MTQ5.y_IurEwqE22c4p-6RzsTsKubZgEWOH7fyS8wAkgJQ98g.hntVHxmgQToimMLoYyXvbnn8KT1DTLNcCIG4_-Z9RVAg.PNG/p_c23767400c974103bc08c2a067b05082.png|https://kream-phinf.pstatic.net/MjAyMTAzMDJfMTcy/MDAxNjE0NjUyODc4OTQ1.IVXA_MhoJKFzYKvgAuOfi8xz6_dnc4hK0KoqkPIMz2Eg.kHPY34kDcABnJsLJ91cmkUpmXybpswzM1hktStLAYecg.PNG/p_9103a04e0ea049e5894a40dd3d807915.png|https://kream-phinf.pstatic.net/MjAyMTAzMDJfOTkg/MDAxNjE0NjUyOTg5MTYx.uprBCFuhK6NOSOv8O5Cx3NlRTh3nV87uhJJLmDek4Ksg.ec4oUDPjVbAq2lThWVjNA-ax4e0q5laG434RFJ_VFHcg.PNG/p_6efa8acf633c4e38b6a36bfcea51a4cc.png
38012,Jordan 1 x Travis Scott x Fragment Retro High OG SP Military Blue,조던 1 x 트래비스 스캇 x 프라그먼트 레트로 하이 OG SP 밀리터리 블루,"1,900,000원",https://kream-phinf.pstatic.net/MjAyMTA3MTZfMjcx/MDAxNjI2NDEwNDgxMjkx.HQE0bYm0PhULK7tI2HUZNoVVWCheye4l5NApsRAcd_Mg.NNc3vDX6pg0Z_-EvpeI_oHFQba5H_GNXHKvm-BjgfzQg.PNG/p_b6ae438a8eb64641825dd5d2c0b7897b.png|https://kream-phinf.pstatic.net/MjAyMDEwMjJfMTY2/MDAxNjAzMzMzOTc0MTM4.5MTApr9F58E31hV0gjHVnNRt8n0fFo8ljYKJ0cmOYmog.wTZD_fVwfvBTckZ6LqD0gz_ldEqgsyIhYy6r9lVT8gEg.PNG/p_20501_0_c810eccf2c6c49338e23015d39341373.png|https://kream-phinf.pstatic.net/MjAyNTA1MjFfMjEw/MDAxNzQ3ODE4ODc1Njk0.qllT7VyOIW1KlgJkI3nQRBRuPVdZK0hQOec2XsHxPhQg.yRnU-wSkH_lxeqYKbi2-WEhQlvA1AnJZ79EhPAen5YYg.PNG/a_4312d868759c4ec5a8fc70acfca7e4b5.png|https://kream-phinf.pstatic.net/MjAyNTA0MTFfMjg1/MDAxNzQ0MzM2OTk0Nzky.LMKy8_ivvpsHgJBUnDnW4xANBDaA4ohFS-ZT4pTdI8Ig.AA4cbjx_dYwAjxJUn3agjDqk7j18fwZMMx53MtY_OVIg.PNG/a_4b701c351942476cb62b8055f8587a4d.png|https://kream-phinf.pstatic.net/MjAyMjEyMDlfMTI0/MDAxNjcwNTQ4NzQyNzk3.Px0qT3VShoOMKmYDIiXG75J0c8Ni_cCdp05A4kIJq2kg.EI3Es1WjT-AhvHobv-xS4YMIb9JtXFKT9OKBHWR4iTkg.PNG/a_93b9ac42ab784d03a526a10b26ddcb26.png|https://kream-phinf.pstatic.net/MjAyMDEwMjJfMTAy/MDAxNjAzMzMzOTU2NDg0.SXhtvh92D9pUL1lujqBdkUknJ0tTY2wzEPwoDLAArP8g.7jErQAVxBMOw2EwpU7zTIG8TWFoi3tJNjpCmCanOv1gg.PNG/p_21342_0_3f33107d98b04e99b029218afbf25c05.png
12332,Nike x Travis Scott Air Force 1 Low White,나이키 x 트래비스 스캇 에어포스 1 로우 화이트,"2,497,000원",https://kream-phinf.pstatic.net/MjAyMDEwMjJfMTYg/MDAxNjAzMzMzOTM4ODUz._lYMMKcEBlWE-5oXtd7DqpYuyFtoyLC_UKDDTEioqJAg.Ud0wrxIk782sg8ZwWZ4XWus2rI1ugl9WfLeYJahvuKMg.PNG/p_12332_0_4a3d48e487114c11a1ece98934e75008.png|https://kream-phinf.pstatic.net/MjAyMDEwMjJfMTAx/MDAxNjAzMzMzOTMxMjk0.fo6XGkotTL9vnqrVr5abbzC3WtnYcwxqnu31yYfQ4-4g.4CftAcUu1h5QEj947dgRlGDaSgpBsZPS57JgkTycOMkg.PNG/p_16230_0_8459cd520b8a4652a54d9c46ed02f335.png|https://kream-phinf.pstatic.net/MjAyNTAzMTdfMjU5/MDAxNzQyMTc4Mjk4NTg2.4jnW11NB6OywQ6p9X4ZncuJax9ICzMQIDcL5hGAI6bkg.KnaxELgtV4xxhhgCarSVO_BexJWQrxegiWipppDsxgog.PNG/a_1521287eec91477993274a9d46f0bfca.png|https://kream-phinf.pstatic.net/MjAyNTA0MDRfNzUg/MDAxNzQzNzU5NDEyMjc3.P6IgBiH5E1yCqTm0MYIptPo8mzBQEfS4iQWLZXk3PR4g.3ldAyKWSpOjN7iT459afrg29R32-eImZMT5DW96QuI4g.PNG/a_753540eed4c64d2caa296db2ce3fc180.png|https://kream-phinf.pstatic.net/MjAyNTA2MTNfMjE3/MDAxNzQ5Nzg2NTQ1Nzc2.kTdP1Entse9mXkyOZbiSO8dZayPE3Za60O3cDnflod8g.xai32yhtJ1NOurn4IGVVN5Uepngx5wr492G6BoAQlYMg.PNG/a_cc2d54cb8a534c309bc11eaa491c5f11.png|https://kream-phinf.pstatic.net/MjAyNTA2MThfMTY3/MDAxNzUwMjQwMzk1MjM2.SK_a6ETnWj3Teuz05UcB8C8baSoWn1BbF9EwH45T6jwg.OgFQY2_8IQnlg_2ig-s_Euf7NqKWav_Yvw5MX5wGNtkg.PNG/a_fbb0a867987c4356b84ba2d0fd6fe14c.png|https://kream-phinf.pstatic.net/MjAyMDEyMDlfMTQ0/MDAxNjA3NDk3MDQ0OTMy.Yjyz_mOh6GdFJNXW9OuAM-xIBsRWnRV8YDMSW8Mnz1gg.S0PdAbJbdWEj3MOukmEljkc29FyWLezSULhJXda6_iwg.PNG/p_f86b952c9bd54be48dcb2d9529df596c.png|https://kream-phinf.pstatic.net/MjAyMDEwMjJfMjQy/MDAxNjAzMzMzOTU2OTcx._HHY_vQvT89edws5FO7jNhK5hYAxNgNZ_iBthSAitlIg.JLKB_odhB1sfz4J_kVV3jlTsIhpKKdckDYgcfxX3Iycg.PNG/p_22775_0_ae6eac8d026e4ee8ac2a2ed9c77cc016.png
11287,Nike x Off-White Air Max 90 The Ten,나이키 x 오프화이트 에어맥스 90 OG 더 텐,"4,800,000원",https://kream-phinf.pstatic.net/MjAyMDEwMjJfMjI4/MDAxNjAzMzMzOTM3OTQ2.E4XRBxFEtHrMIpui82xsjLAVxTPvYDr88nlPnPFSx5sg.bqxMwje_eIkU0epN6C3QsPw7gprV8whlo0qFYbvIVP4g.PNG/p_11287_0_75f750b818c04bb185493c1754eaf75c.png|https://kream-phinf.pstatic.net/MjAyMDEwMjJfMTUw/MDAxNjAzMzMzOTUxNDUx.ok25E10C0ynD2XjBwyN71VRKKiuDvD6TfvMcUcpzbPUg.iEGmRR5ax3BXackmaRsj6Dg8xAoWywldPlK2ShM6OUYg.PNG/p_19104_0_c46c68454b4940b8b3ebe30e352ea342.png|https://kream-phinf.pstatic.net/MjAyMDEwMjJfMTMx/MDAxNjAzMzMzOTQ3NjE4.FG8Y5YIbTMKhgQQtUkxlika-qoMQsUnLR5liWX62Re0g.jDvVSlsPIufwU9Xogx_d3c1g4hRJZGo8P7vwS92m6N4g.PNG/p_19103_0_32942c64af57452b95c6787f50a76be9.png|https://kream-phinf.pstatic.net/MjAyMDEwMjJfMzAw/MDAxNjAzMzMzOTUwODkz.RjgngwyNIx_5BWB6VO923XFPpt6goLx9aRnEkqpMns8g.Axm3nJSfSJNQBwHQfK5EHELx8jDBDiwQfcSDLvRpsqgg.PNG/p_11284_0_f82817cceed344a39357797bcf7dc8a1.png|https://kream-phinf.pstatic.net/MjAyMDEwMjJfMTk1/MDAxNjAzMzMzOTI2MDcw.4cuGruNheYrOL2Sksatp0Qy5QaJeekdRELV0ES3PscQg.hLRoV8sviS1TL8WeUT4s_P94vv83UeLW2R-1dqZsNscg.PNG/p_11881_0_48870e14a6704fb38079f8de1ab1dd89.png
15538,Jordan 1 x Off-White Retro High University Blue,조던 1 x 오프화이트 레트로 하이 유니버시티 블루,"1,500,000원",https://kream-phinf.pstatic.net/MjAyMDEwMjJfMjU1/MDAxNjAzMzMzOTQ3NTcx.b5nf_bs5FtJ4HcgMHMdvS7G-fQu7J9SoBvHUD_ZgXswg.B4i5AmYektYS5dcW9zSPyGVV188GFbU61OUpChIpbxog.PNG/p_15538_0_6486244ec42c4f189fe9bbae65289cc0.png|https://kream-phinf.pstatic.net/MjAyMDEwMjJfMjQ1/MDAxNjAzMzMzOTUwMzI1._-_JeXtWTfs7HqqJ024_CNQihKTa_0Jb0ixQAXJ49hIg.oW0TSyYlwzK8k-p2VUrSyTfgiXRMaq8UaW92VRP7Fd8g.PNG/p_14211_0_ee342343d11446deac1948b892a58720.png|https://kream-phinf.pstatic.net/MjAyMDEwMjJfMjUz/MDAxNjAzMzMzOTM4NTIz.AB_iXxAQfk_EQTBq8QJNr3901qWPAuhG3xpRPCLw5Osg.9eE6E_6SgXAWg08qw9HjNIFQdpIpaLI9_SU5Y7wksJkg.PNG/p_11274_0_9cf1cedd81d846bbbbdf7ab94d898210.png
4807,Jordan 1 x Fragment Retro High OG,조던 1 x 프라그먼트 레트로 하이 OG,"2,899,000원",https://kream-phinf.pstatic.net/MjAyMDEwMjJfMjgw/MDAxNjAzMzMzOTM3OTYw.-ag1NIBLqOYg0u_NVaPUhNTsMOsaK7RRTatjzQHm99wg.VjjmT5FgRsSwfs5RmtfjG6olqB-ob1_Hg516CoTeBa4g.PNG/p_4807_0_7f0aeccad302434f896296aafd60c920.png|https://kream-phinf.pstatic.net/MjAyNTAyMThfMjcy/MDAxNzM5ODQzNDQ2ODI4.5yzY3Yzig_IXYBO8j05rUq87WoO-6bXAYJVpCUf3N_8g.cTk41svUypnN5w-F4k5dXXyKIbvT41LHSmG7S3MtCtwg.PNG/a_588842ef091547e0b886103ed7670f51.png|https://kream-phinf.pstatic.net/MjAyMTAyMDNfMjY2/MDAxNjEyMzE3NDQ1NTAx.Oejtk7Y6zAvCrjhtND50c7JClIDq5g75DlJ391D3Rfkg.nukMbPmTeoKRGgSvfzBM9ZoF0JaqIw6Ge5TkWfncHHUg.PNG/p_56ffd2340d6c476da2f58c151e0205c2.png|https://kream-phinf.pstatic.net/MjAyMDEwMjJfOCAg/MDAxNjAzMzQwOTUzNzMx.nCU7Bumo43r7JZcTRjq4blFOcj33dPIxNYW-_94RtWgg.rJwsoEL3W-f7pgpwfYISb-0HBItIWL04h7p8Ixyp8CUg.PNG/p_4cedd884b4a3427ca616bc31b3bf2867.png|https://kream-phinf.pstatic.net/MjAyMjA4MDJfNTQg/MDAxNjU5NDAyMDU4ODM1.W4H8p1yYWRNTUq6isGD8oTUWeWJf7_lKjm9goz-4I6Ig.yRfkMRtyYCY2910pPEDQcRzc8WayhOJSZp-kLa4L6I8g.PNG/a_13620f7088d541489477729d3110a313.png|https://kream-phinf.pstatic.net/MjAyNDA5MDZfOTkg/MDAxNzI1NTg4ODA2MTQ5.VOWo8r5zecIMuyL6Gg2mweJDEcPZ_AC0raJzWwqE2tog.Ulm8PEGEJlpnQMkg0sNfrZVX9neDKMYd0Zk5m0NHfUQg.PNG/a_6040cfe07741460bbf3f08f503576065.png|https://kream-phinf.pstatic.net/MjAyMTA3MTZfMjcx/MDAxNjI2NDEwNDgxMjkx.HQE0bYm0PhULK7tI2HUZNoVVWCheye4l5NApsRAcd_Mg.NNc3vDX6pg0Z_-EvpeI_oHFQba5H_GNXHKvm-BjgfzQg.PNG/p_b6ae438a8eb64641825dd5d2c0b7897b.png|https://kream-phinf.pstatic.net/MjAyMjA1MDlfMTUw/MDAxNjUyMDYxODg1OTU5.axVkyuhM6gR_qleO1vKeF2fIdrldd6Eg7vpw6QQkCMYg.uAbpzXx1-MkpG0Qk3JGXpYand2AIYwPDovMvkpr2WAsg.PNG/a_754a51235fea475e991c7adf2558a623.png|https://kream-phinf.pstatic.net/MjAyMjAxMTdfMTAy/MDAxNjQyMzg2MjA2ODU3.ZyY29HRqeqO3lMY8u6bKsdgR0XhFNHevImtSUcmuYc8g.U_IcFYwJh3zsAKQbEOPFlH3wms2sZI91FQolj5iiCnwg.PNG/a_4af350c5f736485da2a1659476a17b1f.png|https://kream-phinf.pstatic.net/MjAyMTExMDlfMTcg/MDAxNjM2NDI3NjMyODY0.8eS-1zp2V8FOD_V9K6-PB9zxq2Tek0HbQhMcgYVBei8g.dqG_S9mmMm48dsLWvgDJrjHkYY09PcNLb0umxxEN7V8g.PNG/a_b156116e3b21495e9afaa462e0c0d4c5.png|https://kream-phinf.pstatic.net/MjAyMzEyMTlfMjAw/MDAxNzAyOTc4MzI3MzMx.q56lSB3NREMZb6KBS9NsWe7qIapB88jQww-mGaredi4g.RUi-Nfr0KGigOZs2ofS7oI-y2EiUVWOHDOVWbQJQ6dgg.PNG/a_683d4cc72cb149b98d09c08bda2e5c4f.png|https://kream-phinf.pstatic.net/MjAyMjAzMjJfNTgg/MDAxNjQ3OTE3Njc2Mzcy.dnvAxF8ySme9ghLKuZ4PhkoRFRtEbL8lWBF5T7aYTOwg.s56-Wd5F3xhnw4zxvT-iis1mvQ8kNBfmEse1RBsb1B4g.PNG/a_06053b76fa9e480ba1a0ef9a2d897092.png|https://kream-phinf.pstatic.net/MjAyMTA3MDVfMjMw/MDAxNjI1NDcyMjk0MzIx.y-DMNN25CL6gtVEYjiAz7ryDSX4UV_Io7dkh9DZ3vSEg.SHzBinmU3grgYMoAZN9Q6AX58jg6zYv-gv_OdOGkp0Ug.PNG/p_58057b547a09478ab6b18626400c06a8.png
14214,(GS) Jordan 1 x Off-White Retro High White,(GS) 조던 1 x 오프화이트 레트로 하이 화이트,"2,500,000원",https://kream-phinf.pstatic.net/MjAyMDEwMjJfMTk2/MDAxNjAzMzMzOTQzNzM4.aBBIWWwKYgcy4O30xCLFmNRYP87MiOU5C2hgnB80xcsg.0mbvrI0iYkB9zZhPh_Efoup9bufAaCvKDa9dkecaj7Yg.PNG/p_14214_0_c8aff9bdb1274370aa4074906867ad50.png|https://kream-phinf.pstatic.net/MjAyMjA1MTFfNzkg/MDAxNjUyMjMxMjM4NzEw.uOEA2krnH0qrB9TGwdgCOyXSxXaabZt7r9tn22XHvvEg.W_siWT81gFbqgs-U0T_v3mQCLDMV7jQznguj2zzxn9wg.PNG/a_8bd47fded15e444faa405cfcd9dcfe18.png|https://kream-phinf.pstatic.net/MjAyMTExMTFfNzcg/MDAxNjM2NjE3NzkwMzM1.-fF7skWNS8Ni0uRiEstIECCfqoC-DwGc7zmQEtZ7Jfcg.XOWfGq1FL-3sh6xPUrF5HRadhma4yM3t_a2uSITG05Ug.PNG/a_2f14572a08604ad7881abcb4a4cfd213.png|https://kream-phinf.pstatic.net/MjAyMDEwMjZfMTcw/MDAxNjAzNzA3MTgzOTcx.7bHOAz2fUDYxTAv1UcOyLlc89pd7fKo8BHlssEwOb-Ug.1AZrG83pOOAhzhcHlQSLbfayPrWPdU_BW46JYOo2fvwg.PNG/p_a1f5f7908d124ceea767839b95d1039e.png|https://kream-phinf.pstatic.net/MjAyMTA4MjZfMjAw/MDAxNjI5OTYyODMxMjI1.b1XDic6p8HqxUPWd1B-CKSvKkSaLj9FL6XTyenS7_pMg.RaAgR54e-mNcH6kSoA_MPdHCQ3psLy-SVoUcKHIlmDYg.PNG/a_469101a724244e2f8481756d4f0af716.png|https://kream-phinf.pstatic.net/MjAyMjAxMTRfMjky/MDAxNjQyMTQ0NjkxNjgw.dENTTf73KMeyQJnUunSvA99kpFIBVs1H881trYnC5igg.rUBIFtLf1QpTOJX1KxlIX-_-4vhoeEX_z7Zd4lZI_7Yg.PNG/a_f77c6af27eea4b85b8fb807ad7764e1f.png|https://kream-phinf.pstatic.net/MjAyMTA0MDVfMzcg/MDAxNjE3NjEzOTg2MDQ4.qviwjVPai5Dg4WbrgS_fwgRQaGcqkJ01lX7GsWBfIqMg.ZhlkXwjm2H701XBTXqvK94WATmpIa8Zw80QXhOuC9Hcg.PNG/p_ab854e0750d14cdba0263514a3d85756.png|https://kream-phinf.pstatic.net/MjAyMDEwMjJfMjEx/MDAxNjAzMzMzOTgyNjkw.p-pBikGi7nUj6a_lfolrSbYSjTw0Q31CKZfeiULjcpAg.z3OlV8jB_5mi5tlGqKbHsh2nARoOo224zTnbdoS7pswg.PNG/p_24700_0_d6d23a4393174156a97382a365c92a7b.png|https://kream-phinf.pstatic.net/MjAyMjAzMDRfMTE2/MDAxNjQ2Mzg2ODE5ODA2.54aeSvs38qJ6AdNg4JR16jHbzNlZfZXFwXXAZhvzGC4g.Fyq-ETX1VH6BkJlwhfGSBDYIdEkSl80n7KtHAoK_Q7Yg.PNG/a_f7c57083b0784655949094b30d80e779.png|https://kream-phinf.pstatic.net/MjAyMTAzMThfNzYg/MDAxNjE2MDQ4ODY1NzU1.qfhtNOSvi7twbrl7rSVzrUOWRna2cKMI339ZuOei33Yg._Du7PVfE6SdV7UlFBK-YqHnVILs-Q_8WHdjQkjxaOn0g.PNG/p_bfb938fe71ab4602b2269521dba8cb68.png|https://kream-phinf.pstatic.net/MjAyMDEwMjJfMjg0/MDAxNjAzMzM0MDA0MDQ3.mLS3368his6LPDOm_3UJ7n1gwGfU94IcIkjpE414UCEg.RTaMB4bcDXKD6JQs7LYRYIUuFQznte7XvUi7WT9dgeYg.PNG/p_25508_0_2dd6551639ff43228aa0644915bae651.png|https://kream-phinf.pstatic.net/MjAyNTA0MzBfMjgx/MDAxNzQ1OTc4MTk2MDI5.G4OBaEXZ9gjQJr5qWpsMKjaM3TccnSSVvHQJvIQN24kg.kKjbvAwBDWOMHDi3h_QJmsNhU1X6SUUYSOsTDbmmNZwg.PNG/a_c7709e4b19064668a5fb0453ed3f247d.png|https://kream-phinf.pstatic.net/MjAyNDA5MDZfMjkx/MDAxNzI1NTg4Nzk0NDI4.0SEkQ9oruWRVmTRFpk1HOl6X6FvfMPPxBvVo05a1_6Qg.SyBSLXa81wn_uICdHvtnwA8H56RPYoG--qh1VrtMQCgg.PNG/a_f24603152229456a9cb37fb8cb33db9c.png
42789,Maison Mihara Yasuhiro Peterson OG Sole OD Canvas Low-top Sneakers Red,메종 미하라 야스히로 피터슨 OG 솔 오버다이드 캔버스 로우탑 스니커즈 레드,"17,000,000원",https://kream-phinf.pstatic.net/MjAyMTEwMDdfMjEz/MDAxNjMzNTk2NzE4NDIx.Qqkkme5v5xVg0ALqKJ6BXIroimpBvkG4W_HcQZqW_Pkg.SxJ1IOVRfTWkdAWz2_mMExxv3ydOpARSRgkIazNXqI0g.PNG/a_c32194cde71349bf96e5260c779a0d4b.png|https://kream-phinf.pstatic.net/MjAyMTEwMTVfMTI4/MDAxNjM0Mjc4OTQ3NTY4.tp_tXOJmN-1Qr1Q97zEPGQkIiFFSP1lsuaRkThau1Vsg.dFcxievfr_ADYADypRCv4dXZnQXrOkPa0sx9EpM9NlMg.PNG/a_0b86c9e2f095424fbd6fdf750e0406af.png|https://kream-phinf.pstatic.net/MjAyMTA3MDZfMjky/MDAxNjI1NTQ5ODIzNzc4.G1Xs0x43UmON8pOzj6VG_zYEd8qakqDGhE9SM79y2uUg.JM_5JYOy6HBEjaYZ24mmgDwKV78mKs2wkbHUjKkIyMMg.PNG/p_622fd9ac74334b5cb1a817680329dbee.png|https://kream-phinf.pstatic.net/MjAyMTA3MjFfMjA5/MDAxNjI2ODMzNTg2OTAz.0L6wSHyNut72vPjhRzHWMjkWV_4wLpL1dMhL2qxJtPkg.hqicCp4m1BHQm94lrXhF65HkweUHMPqbCrUJxWdv7x8g.PNG/p_1a61c96be3fa46f6b92c85be605fb77a.png|https://kream-phinf.pstatic.net/MjAyMTEwMThfOTUg/MDAxNjM0NTQ4ODM2MDI4.Kbw4SH3Z-CxxL0lEtq8utiBzVmNzp6gR5LHRFWsFWr8g.HcuMSe2B0C4VAYD5mdVOF_yIVbhb9HQxygdNMN98Svkg.PNG/a_ceaffc5f4f4a47abab5f90424aa7724c.png|https://kream-phinf.pstatic.net/MjAyNTA0MTdfOTEg/MDAxNzQ0ODc2NjY2MjQx.M1khQEEPCenvI9zcEAEQ9v6Lit3508up_QUTS2dwDL8g.7hZsTAb1wVakcc8Wx7JP5ZuN9gbeJ08133eof_zhZmwg.PNG/a_3b5ed9548ad641c0902983bc874249f0.png|https://kream-phinf.pstatic.net/MjAyNTA2MTBfMjcg/MDAxNzQ5NTI0Njg1NjM0.LNVfoGI61xFtWeonsOlKsp1dUGWmrxWdqArFTRjJywUg.byVa7_wdeFoUcH0L1GPHtkkeRhwsMJfAJupfgaMsZgAg.PNG/a_27f92843bb43430cb74fa998ee6d4a9f.png|https://kream-phinf.pstatic.net/MjAyMzA5MjFfMjk2/MDAxNjk1MjYzNTQxODky.4fNb55guOmrDb3gmL4TRBioGM7b_jD4spc6usyprQqwg.JNBxYcKSn22njymbADKEHoa9CUcFsiAROJMc-twbEyIg.PNG/a_d23545d159ee466ca89751644db03721.png|https://kream-phinf.pstatic.net/MjAyMjA3MTNfMjI5/MDAxNjU3Njk5Mzg5OTMw.-Zb-W6u2PHv8z6i80fwaRYBinoOsgvP4dq_cLw9c4T8g.XR_cxbP9Z-RHNTDhfGMjIG78pMWq7NajB2j4cx35acYg.PNG/a_d6e9587dde6447c4a94c583dee27da30.png|https://kream-phinf.pstatic.net/MjAyMjA3MTlfMjQ4/MDAxNjU4MjA4MzIxMjkx.fNGre3z8APO1XqaN4_VyMJILvPR-YMcnJTfEuKvXso4g.D8qWFMnW_np93zRINtNLOo7go5IMpyf7heSD6XZy6Wwg.PNG/a_f89b89dfb7074fc8a9aff452e0a7426b.png|https://kream-phinf.pstatic.net/MjAyNDA5MDVfNjkg/MDAxNzI1NTAzNDMxOTM2.uxabTpwpC6kW_a-uh-ItoHKM8NjUqFLJY1yVk7NtQlgg.I7-freMJphmD-r9CdMEt3JG6NMVEa22cbXiAgSnzNFQg.PNG/a_fd974d95049e449aaf3b7e45aaa4ead0.png|https://kream-phinf.pstatic.net/MjAyMjA4MDhfMjA1/MDAxNjU5OTQ4MjkyNTU2.Z5ALHf6kR4BxNthWacHgpSJ0iKRgHU8ToCC1KzRVUYwg.KkeO0SCfny5nOCQRfW1leZd0A4ZfGKoRI2itkBN6Q2Ug.PNG/a_bfd6450b185f4b438d94847627230509.png|https://kream-phinf.pstatic.net/MjAyMzA5MjFfMzIg/MDAxNjk1MjYzNTM1ODQx.1WjiBAnxJcokGyjIJuWiDX-VvEQRylwoL2S1tUL-rjEg.kbptwpoygZyAcIq4EPi-lxY29VlO3w0ooBJI620Q5vkg.PNG/a_5a15142b99f9446c9745de2df17c4a04.png
76942,Nike x Off-White Air Force 1 Low Brooklyn,나이키 x 오프화이트 에어포스 1 로우 브루클린,"2,273,000원",https://kream-phinf.pstatic.net/MjAyMjA5MTNfMzYg/MDAxNjYzMDQ0MzI5ODI3.6ltIrjtj4WD5nARaYo6aXc26G9E-wW4BmOjHtfb6tdUg.AEYNMFkbR9AJ4-JNhRoAzcMUe3Zh1SwhByWv5akPrLcg.PNG/a_5ff33ca70f094a2e9c594af58e7a748b.png|https://kream-phinf.pstatic.net/MjAyMDEwMjJfNTUg/MDAxNjAzMzMzOTUxNDQw.L5p86SQEQMuqSKX_baM-1uJ2Bz8RANBWg9yEEX4z0X4g.-XeSHzRpaIxKvUQq3OfURzxwvzxLpd_PA2o_4oFB0AMg.PNG/p_18118_0_422907bdcc3140b19fb660ae1edca5de.png|https://kream-phinf.pstatic.net/MjAyMDEwMjJfMjA1/MDAxNjAzMzMzOTU0MTI1.SsQV8WN5BIKgJ2SSUhaSeDqF5WyBhvc6vu-z69dbT2cg.6bETqlD4JPwJ33iNe76K3pbiaukO0zAmnq4QO6pHIS0g.PNG/p_18119_0_d80a3d3ebeb24a8d9b052118bbd0c252.png|https://kream-phinf.pstatic.net/MjAyMDEwMjJfMTU5/MDAxNjAzMzMzOTcxOTI0.eSE-LfdrSo71SJ2sNFijSvrOqiA56ZzZy7wJYz4d4hYg.RFcDmLADcdum0UQxYDkjeSH-zPLs-yZCNHbe_kbVPO4g.PNG/p_21368_0_5892527e80f7459b870b68fd7ab4f2ad.png|https://kream-phinf.pstatic.net/MjAyMjA2MTdfMTEg/MDAxNjU1NDMwNDMyOTY2.UaKauqgot9I55EElvxEHCjEtFf7N8ih97P7py24vlBsg.uo_SgLdRZfzqrQaN6_n6QqEqOvgNv_6XXl5VyIJL4A8g.PNG/a_e3f187cdef894394bc2c1462c8e8c247.png
14211,Jordan 1 x Off-White Retro High White,조던 1 x 오프화이트 레트로 하이 화이트,"9,000,000원",https://kream-phinf.pstatic.net/MjAyMDEwMjJfMjQ1/MDAxNjAzMzMzOTUwMzI1._-_JeXtWTfs7HqqJ024_CNQihKTa_0Jb0ixQAXJ49hIg.oW0TSyYlwzK8k-p2VUrSyTfgiXRMaq8UaW92VRP7Fd8g.PNG/p_14211_0_ee342343d11446deac1948b892a58720.png|https://kream-phinf.pstatic.net/MjAyMDEwMjJfMjU1/MDAxNjAzMzMzOTQ3NTcx.b5nf_bs5FtJ4HcgMHMdvS7G-fQu7J9SoBvHUD_ZgXswg.B4i5AmYektYS5dcW9zSPyGVV188GFbU61OUpChIpbxog.PNG/p_15538_0_6486244ec42c4f189fe9bbae65289cc0.png|https://kream-phinf.pstatic.net/MjAyMDEwMjJfMjUz/MDAxNjAzMzMzOTM4NTIz.AB_iXxAQfk_EQTBq8QJNr3901qWPAuhG3xpRPCLw5Osg.9eE6E_6SgXAWg08qw9HjNIFQdpIpaLI9_SU5Y7wksJkg.PNG/p_11274_0_9cf1cedd81d846bbbbdf7ab94d898210.png|https://kream-phinf.pstatic.net/MjAyMDEwMjJfNjQg/MDAxNjAzMzMzOTQzMDgy.zzh8m0XhYzUcCVP76sa8jkK2hz1dJMkeU9VPWDHggawg.jephj2AgzbMxKMwgKNHlqyxxX7DnP67s5lbFQY9jBTcg.PNG/p_17628_0_9b4fd1925b0d4e4b9b42d7429f3ffd70.png|https://kream-phinf.pstatic.net/MjAyMDEwMjJfNzAg/MDAxNjAzMzMzOTQ4NDI0.FGVkWMaMnnkxcQI_72ueBE8I30bF_LLliPB-_Gf7iPcg.9N6N3L8jinJvFqYn6avxpEw0b_WsWXNadZBNgSDEJGYg.PNG/p_17629_0_0ff2201fbb354d68860c32de1896f1e4.png
67945,Jordan 1 x Travis Scott Retro Low OG SP Sail and Ridgerock,조던 1 x 트래비스 스캇 레트로 로우 OG SP 세일 앤 리저록,"1,500,000원",https://kream-phinf.pstatic.net/MjAyNTA0MDhfMTEz/MDAxNzQ0MDc2OTk5NTU0.GJKUTZC8qYxpNDhQ-z1sjjGDFAeo2Aa-vEso-lnv_U8g.VoQQ64BtZmAF85oZUoFtJQSZegU1oIzSWSGie8kFffsg.PNG/a_3ac62ed6639a48aba5f44d80fdb841c3.png|https://kream-phinf.pstatic.net/MjAyMjEyMDlfMTI0/MDAxNjcwNTQ4NzQyNzk3.Px0qT3VShoOMKmYDIiXG75J0c8Ni_cCdp05A4kIJq2kg.EI3Es1WjT-AhvHobv-xS4YMIb9JtXFKT9OKBHWR4iTkg.PNG/a_93b9ac42ab784d03a526a10b26ddcb26.png|https://kream-phinf.pstatic.net/MjAyNTA0MTFfMjg1/MDAxNzQ0MzM2OTk0Nzky.LMKy8_ivvpsHgJBUnDnW4xANBDaA4ohFS-ZT4pTdI8Ig.AA4cbjx_dYwAjxJUn3agjDqk7j18fwZMMx53MtY_OVIg.PNG/a_4b701c351942476cb62b8055f8587a4d.png|https://kream-phinf.pstatic.net/MjAyNTA1MjFfMjEw/MDAxNzQ3ODE4ODc1Njk0.qllT7VyOIW1KlgJkI3nQRBRuPVdZK0hQOec2XsHxPhQg.yRnU-wSkH_lxeqYKbi2-WEhQlvA1AnJZ79EhPAen5YYg.PNG/a_4312d868759c4ec5a8fc70acfca7e4b5.png|https://kream-phinf.pstatic.net/MjAyNTA1MTRfOTEg/MDAxNzQ3MjEzNzY2Mzcy.VpmNAB7dXNKWw1QwLbiQr3dp0Fqx3wXVxURbmwPDYKQg._75QugTW9UeZ_-yLjPDdckewpApfal5Rmo74QL8SYHog.PNG/a_5d72783f0ec5477ab158790221837367.png|https://kream-phinf.pstatic.net/MjAyMDEwMjJfMTAy/MDAxNjAzMzMzOTU2NDg0.SXhtvh92D9pUL1lujqBdkUknJ0tTY2wzEPwoDLAArP8g.7jErQAVxBMOw2EwpU7zTIG8TWFoi3tJNjpCmCanOv1gg.PNG/p_21342_0_3f33107d98b04e99b029218afbf25c05.png|https://kream-phinf.pstatic.net/MjAyMDEwMjJfMTY2/MDAxNjAzMzMzOTc0MTM4.5MTApr9F58E31hV0gjHVnNRt8n0fFo8ljYKJ0cmOYmog.wTZD_fVwfvBTckZ6LqD0gz_ldEqgsyIhYy6r9lVT8gEg.PNG/p_20501_0_c810eccf2c6c49338e23015d39341373.png|https://kream-phinf.pstatic.net/MjAyMTEyMTNfMTM2/MDAxNjM5Mzg4Nzc2Mzcz.b7iu6DZACOPYi_3BLQQI-lQGCwlvwQbpc7K5EoBz8LMg.yc4u0B7BrliO0kh-CiDfCwd4zrq-T6PC-_m2V8lmJoIg.PNG/a_3625ec96bcc5487f884928159f6e1579.png
12153,Vans Vault x Fear of God OG Era 95 DX White Black,반스 볼트 x 피어 오브 갓 OG 에라 95 DX 화이트 블랙,"12,000,000원",https://kream-phinf.pstatic.net/MjAyMDEwMjJfOCAg/MDAxNjAzMzMzOTMxNzU5.bS5Qs88CkkaGUbs6p16nA21sI89mN9b__zG-Xi-Xy0Ug.oYlZE4Niahl_f7gzPUtfQhPSaFspy7So3vg-NZL2MZYg.PNG/p_12153_0_a4a37fab2c8941dd95803c320e3c85c0.png|https://kream-phinf.pstatic.net/MjAyMDEwMjJfMjQ4/MDAxNjAzMzMzOTI4MTcz.gnBKGyFAQsr-WzAiI9BRCCQ6hjT8r2-pOMBZALt4clcg.xfxuVbVYVufYN49D-UTqY7ajiul9iZYSEBn727Yr1QYg.PNG/p_12152_0_25d9f2918cc347e68d1323fd53d7b096.png
14895,Jordan 1 Retro High Think 16 (Pass the Torch),조던 1 레트로 하이 씽크 16 (패스 더 토치),"2,500,000원",https://kream-phinf.pstatic.net/MjAyMDEwMjJfMTY3/MDAxNjAzMzMzOTM3MDcx.ows7qo2g1CJJG4FfSq6u3WH_mRTebvjeNwaDXM7WFj0g.2GapIPbx5kNiAMgBZ7HscsE_X0a4WK_R3xBLC1Ns0s4g.PNG/p_14895_0_a1cfb32be8634e9e8105cd4b393289b0.png|https://kream-phinf.pstatic.net/MjAyMTA5MTRfOTkg/MDAxNjMxNjA0MDc5MzY0.4JTs96mFG1qo8FroVqWSzpt7O4Kf7Wd-i97xg5n4x8Yg.ZTATdysJO63ZOkSoIHsu6m9HH0hIzZo0Ke2WZJBsC8Mg.PNG/a_b48712f52531461184a19d78fd56eb18.png|https://kream-phinf.pstatic.net/MjAyMDEwMjJfMjIg/MDAxNjAzMzM0MDEzMzQy.SuzdkPLtzT62Y9KuDPZKcu5alDSqf6SWPJGUAkQXzpcg.Xy6RsfjbnJmVE6mMWic0WWBw-_K2245R4lSJQlnOZyIg.PNG/p_6666_0_2ba60f9748914103b11b2a4e75266b7e.png|https://kream-phinf.pstatic.net/MjAyMTA5MjhfMTg3/MDAxNjMyODIyMDA2MDkz.W7kE6_BzpYPmID5TTqz_HkN-VaS1GaE_2AW-nntRprAg.iCB1u-_PI-t5eY7j8SVvPDXwlJnUeYD_4RzMV9kyj-gg.PNG/a_782095c8a0b541538f7f1e23a4deb4b9.png|https://kream-phinf.pstatic.net/MjAyMDEwMjJfNyAg/MDAxNjAzMzMzOTkxMTMw.MAYhLbmAw1pyFEfUkbaHv0cFVBgOWtmRT9sZ6I4F_rwg.ww-Q5ADqXOuxMs86C5sO1wedXBG_VWJglyBxZyfT_5Qg.PNG/p_9874_0_29899fbe0f714fe3a13ccbfcd07c831c.png|https://kream-phinf.pstatic.net/MjAyMDEwMjJfMTY4/MDAxNjAzMzMzOTM2Mzc2.sby6ypitLXtzxe1cnEjGF2oTjiYHBxGdrXkRlcKkn_Ig.wlrSURc1hW5uOUpzGJCuge-Ae4uPzE1wSkvZeuloiw8g.PNG/p_10261_0_7475d3665ea3411e954cbd19319db6ab.png|https://kream-phinf.pstatic.net/MjAyMDEwMjJfMjMx/MDAxNjAzMzM0MDI1NjI0.YyM4i6YIvq7wAZ9Gv6uIANtPmbqKd8AowCKRamXtH7Qg.t1d5Z_TrKmQwcYtZ5WOPFv1qy2fPgonG1cZZU55uOlYg.PNG/p_9369_0_5ce39ff37add4ff49e184f74a02b2dfd.png|https://kream-phinf.pstatic.net/MjAyMDEwMjJfMjMy/MDAxNjAzMzM0MDEyNDAw.tI0lUX_b9VveF1nyz4-CoYj-zvmozaqgIPhild0UIw0g.ZVJ4eVZmTH7NYixsFlJClJHG2iDleXJU-jIWvXkXnKkg.PNG/p_10015_0_10d4299aa9bd4dff8ff107d70828aad8.png|https://kream-phinf.pstatic.net/MjAyMDEwMjJfMjg2/MDAxNjAzMzMzOTQyNjQy.-AXYGlX55dvQ83XepSbCbYIMf2F3-FFWGzx3lEHoB3gg.SpR3wIo1A6jI0m_lwMAkqGv9P22FGOtngYw-SoCGYQog.PNG/p_5028_0_9b0cea45418442a3bf853afd11dd463b.png|https://kream-phinf.pstatic.net/MjAyMDEwMjJfMTk1/MDAxNjAzMzMzOTUyNjA5.IZdhc3oHXoIhkhIFcEpgcwCukbuRLULKjjsFd_iv2oAg.26d0vaRNc7Z3bYoK13U3SpWKN8XTv0OndgSb7yssuQYg.PNG/p_1837_0_7e96d6216ee24801a6522875227a8013.png|https://kream-phinf.pstatic.net/MjAyMDEwMjJfMjA5/MDAxNjAzMzMzOTUyNjQx.l3CxEyTPi06wdeYuYccWPVT15yf0VzMXalWKpslhoy8g.YHn-x0k8fsHSH7GAAFm_03nOQovgNIj4DL0hkW3Xungg.PNG/p_3765_0_4df95d5bb24541788859bbf3fa588e25.png|https://kream-phinf.pstatic.net/MjAyMDEwMjJfMjM4/MDAxNjAzMzM0MDA3MDM4.ot62QTV3O5hh8Z9uIl0wVcLzu_a4ZRHm-UnpPV1OJwUg.gksPkyNgGoQS4cU8UOyc74IViMmcWWIJ2hwJXI4oWKQg.PNG/p_25910_0_fe47b8426cd84da086abfddcf12b0fbd.png|https://kream-phinf.pstatic.net/MjAyMDEwMjJfMTUz/MDAxNjAzMzM0MDA3NDI2.NRrWOfgYI-qe9aOPf51n_7faAi8DKgFGucolHQh5YVgg.1fAsFeJuURr3GN9jJedjZrQ977MzggpUq3XZzw47_2Ag.PNG/p_25537_0_8fc43b8e68fc4b0e89ef13da674a9c83.png
24025,Nike x Travis Scott SB Dunk Low (Special Box),나이키 x 트래비스 스캇 SB 덩크 로우 (스페셜 박스),"1,990,000원",https://kream-phinf.pstatic.net/MjAyNTAzMTlfMSAg/MDAxNzQyMzY3NjI4ODQ5.KqWA3mB2IqITKBFXoSQLAuM0e9dqkvuYGOPRA14t0DMg.SgdiCKa6a4vNzIPHDV9tE4mz73Jf0iupbB7rPMLjVbcg.PNG/a_3cb1178002234edcadb61e331044a9d0.png|https://kream-phinf.pstatic.net/MjAyNTAzMTlfMTM2/MDAxNzQyMzcwMzcwMTA2.79QE88BeKcXvU5oSRF7OoJcx7utIHp67X4Xatp1vfd0g.sqDpH88DCUR983t3JN13Vz8rWCPzxKJQ6lCKKqLh6Lgg.PNG/a_ab03b49fe4ec4655801ee91a14cf706c.png|https://kream-phinf.pstatic.net/MjAyMTAyMDlfMjE3/MDAxNjEyODQ2OTc5Mzk3.A3Fmf0XaKbmClqz2vnmW0ToOKx7Ol7aYrBCgN_wteB0g.5egaBEGarBgHo7LRx4jcPBGvrxHji74jZHBQlB4ZOCcg.PNG/p_ad84ff933e2a4602b15e8ec7a6409817.png
23426,Nike x Peaceminusone Air Force 1 Low Para-Noise - Korea Exclusive,나이키 x 피스마이너스원 에어포스 1 로우 파라노이즈 - 한국 한정,"1,999,000원",https://kream-phinf.pstatic.net/MjAyMTA4MTNfMjUg/MDAxNjI4ODM3NDU2NDYz.2DdPwyBvUYkxi-I-M2y-YtAoNOiKEaJ3eDHO_kkhKysg.4Hp97g4Cqf6oJdAD4byqMZKitqSHxpg1mBeNM9nqVnEg.PNG/a_66d39d1da78b45f0b585670ee5c3b554.png|https://kream-phinf.pstatic.net/MjAyNDA5MDlfMjcy/MDAxNzI1ODY2Nzc2OTIw.WlkOM8-jzdkM7gUxxG6WOxCpai9e15erDUNWMjkbMZsg.e7blOoElAAcRxerrgDD3Xc1pLWeefS56e92hbAyu_HEg.PNG/a_97ac995e954f4059a10be249349a96b6.png|https://kream-phinf.pstatic.net/MjAyMDExMThfMjU2/MDAxNjA1NjkxMzExMTYz.leAiiIeRzdnBC6STAjmeqVlM0lokrpyt7EbsaWUtnnIg.hPz7sqovLq6tPmB6zs8PnR1q8UYkTl8YJiWGKm79cj0g.PNG/p_477d8861bbbd43e8aad3ee5d76c3df76.png|https://kream-phinf.pstatic.net/MjAyMDEwMjJfOSAg/MDAxNjAzMzMzOTU1NTcz.CEQX_vRYuGNU0F7pwL3e5sCx1NuXi-FJJGVgRLT_UFgg.JjDg_qRUOd7DWqJvrLmC1IeeI0a2zItgL_KlkRQPiT8g.PNG/p_22857_0_1b1cba4e90654c1e97ccb883c5661528.png
30344,Jordan 1 x Trophy Room Retro High OG SP Chicago (Friends & Family),조던 1 x 트로피 룸 레트로 하이 OG SP 시카고 (프렌즈 앤 패밀리),"1,800,000원",https://kream-phinf.pstatic.net/MjAyMTAyMjJfMTYg/MDAxNjEzOTczNTY2NjE3.vGEfzKlXQoatURC-cJKvecu4Gh1YagJ4BIe-pHE4oWIg.-LARgVjVvJQ_fUtUx13jih8GGGPVCRr2TyZfJoI34_sg.PNG/p_9fa9627758db42dbb42995575bd38eef.png|https://kream-phinf.pstatic.net/MjAyMTAyMDlfMjg0/MDAxNjEyODM1MDUzMjE5.kyfTQbtyhpTqAFf470MaEFTnHqK3UtfV-nYq-1fo6Iwg.q_RNbq9UKkWSOT6vPY3vhhVJShvgKoYSnXwLdj5sQ4Mg.PNG/p_82c7f8f5a4134531872e19a1a15c0974.png
11881,Nike x Off-White Air Max 97 OG The Ten,나이키 x 오프화이트 에어맥스 97 OG 더 텐,"1,500,000원",https://kream-phinf.pstatic.net/MjAyMDEwMjJfMTk1/MDAxNjAzMzMzOTI2MDcw.4cuGruNheYrOL2Sksatp0Qy5QaJeekdRELV0ES3PscQg.hLRoV8sviS1TL8WeUT4s_P94vv83UeLW2R-1dqZsNscg.PNG/p_11881_0_48870e14a6704fb38079f8de1ab1dd89.png|https://kream-phinf.pstatic.net/MjAyMDEwMjJfMzAw/MDAxNjAzMzMzOTUwODkz.RjgngwyNIx_5BWB6VO923XFPpt6goLx9aRnEkqpMns8g.Axm3nJSfSJNQBwHQfK5EHELx8jDBDiwQfcSDLvRpsqgg.PNG/p_11284_0_f82817cceed344a39357797bcf7dc8a1.png|https://kream-phinf.pstatic.net/MjAyMDEwMjJfMjI4/MDAxNjAzMzMzOTM3OTQ2.E4XRBxFEtHrMIpui82xsjLAVxTPvYDr88nlPnPFSx5sg.bqxMwje_eIkU0epN6C3QsPw7gprV8whlo0qFYbvIVP4g.PNG/p_11287_0_75f750b818c04bb185493c1754eaf75c.png|https://kream-phinf.pstatic.net/MjAyMDEwMjJfMTg0/MDAxNjAzMzMzOTQ4MjAx.vin-y48yEj_X0yq6G4aD-48VvZkO_qxQopat83o1TLEg.9PzLj5AmGQEmERVPWj1XGmCJwQKhhc-VGiAGeDnfeUQg.PNG/p_17153_0_b8e27d3bcb7a4749866147d0fd773802.png
9866,Jordan 4 x Kaws Retro Cool Grey,조던 4 x 카우스 레트로 쿨 그레이,"3,390,000원",https://kream-phinf.pstatic.net/MjAyMDEwMjJfNjIg/MDAxNjAzMzMzOTUyODky.Mkxw93DfvZjkI1YWBhLCyawizxwkn1aSt9u6isJYkzgg.d69oF0H8TTcBfEwIy5CK3SqFWG0E7uQ7G11Rr_fNvrYg.PNG/p_9866_0_c91ad48469c64ee88b342208f014d1c2.png|https://kream-phinf.pstatic.net/MjAyMDEwMjJfMTgz/MDAxNjAzMzM0MDEwMDMy.WBHd-H-5j0VzFp4I3e4HjT3EjgPiEb6TYyaJpkgNRgUg._5qc8qBDGxHJKGeOmhA0g-ZuV9AvEnG3j63d4ca5lbog.PNG/p_25475_0_4e065773530e4533b2c39da2e273299e.png|https://kream-phinf.pstatic.net/MjAyMDEwMjJfMTEg/MDAxNjAzMzMzOTI2ODAz.I0jvAWQWBhxr1mZMH0bsN69JJcaxoCiLaw550cQ8RdMg.ls4sXU865FeI0NMSLdDideei7ftnYjnq0zJUSveKFxgg.PNG/p_15632_0_824aa012c931420f9c3282e5b7a050c0.png|https://kream-phinf.pstatic.net/MjAyMDEwMjJfNTUg/MDAxNjAzMzMzOTMyODU0.5PPB-I6fa_I7g4A4VSbyJTbjfen_7VFCv4C9raAJqkMg.PF-3RtRtp3XedE8djWUZ1sbAuxhnOJcYGexsIcJycQ0g.PNG/p_18194_0_a1b933f2d7f14f5db2b3eabc2d837746.png|https://kream-phinf.pstatic.net/MjAyNDA3MTdfMTEz/MDAxNzIxMTk1MzQzMTQ5.Q8hWL-2BeuHPc38Fzt6-ocIaYqrZh_hJ9Vu3oX80d8Qg.ArXpAzOFwOhRxo2SG-7Pnc4zmZZ0WpYDtvKLYNkNIksg.PNG/a_b28ba7cb18a1472d907b3ba779fe9105.png|https://kream-phinf.pstatic.net/MjAyMDEwMjJfNjkg/MDAxNjAzMzMzOTM0Mjk0.H9ywy7DhwMsYl6GQlnIZb9PIEbWOi4byLhgFSHLcLVUg.dO4WP7Nco-E9snXDnfHB9-bRsM84NjFatY9laFrh5dAg.PNG/p_15635_0_5bc712b34d7d4d05a586b94322b82249.png|https://kream-phinf.pstatic.net/MjAyMDEwMjJfMTQ5/MDAxNjAzMzMzOTUxMzUy.OMFbKuhLu3niqAMcdto21pvLNaEF-sDMsTR8GFN9hk8g.wCK0wPVEQ68sn_0NiMdCRTvN8DwOOzuJaxxi7LlQfvMg.PNG/p_5927_0_e0b3bbde69ff496d941c86827a64eacc.png|https://kream-phinf.pstatic.net/MjAyMDEwMjJfMjUz/MDAxNjAzMzMzOTc5MjI2.IvXud7upIN8ivTslkzVXdCqZDrFHt4XClSHjFjKs4LIg.J7SwwpBEckCYHZlPx_oG6waX0JmeqmOBFsNgAOAv8aAg.PNG/p_23219_0_b30f865fc91146368e3400e1fe0440bb.png|https://kream-phinf.pstatic.net/MjAyMDEwMjJfMjk4/MDAxNjAzMzMzOTY1Njcy.ipqQg1dQINq4oVhfbCj2wWb1tMKu6rWoyqVCE8_H4HEg.QHY5GMFtwS8zdHCKrXJW0p8BEjkrHXcFSEtGjtQlGXAg.PNG/p_23606_0_239109b43f494f7dbce37ecbc9d5d36c.png|https://kream-phinf.pstatic.net/MjAyMDEwMjJfMzEg/MDAxNjAzMzMzOTYwNTY4.wfENvY_APbBNzesFrxn-9XI4PaQ3FJs7FRJvYesQCuog.CG0XxdzML-R4yGYhcy6JGhslihwARE1a1JpyoWw_Xfgg.PNG/p_22843_0_f892e9a10b1d459ebd1b5985f99fabba.png|https://kream-phinf.pstatic.net/MjAyMDEwMjJfMTI3/MDAxNjAzMzMzOTI2NTg1.t7gLb1rwR8zwNOlagscBcmfHW21FmvZci0XYKNPx7ckg.E5fdyA-pJHJX9QmgNJ84fPoMom__EP0mSxM6kql0Xjkg.PNG/p_12220_0_c3dc665c033f4f0291828db7aa7fc3e8.png|https://kream-phinf.pstatic.net/MjAyNDA4MTRfMTQg/MDAxNzIzNjAwMzI0ODI1.7sgspUyVapzG2Dqj5ndsy5wCcIsrYyqoUQsozw5281cg.ErSrRaizcOZpuaVm0nlWOEz20mWggfLsNnBMtLTvbrMg.PNG/a_10cc356d79ec4dacb0b9421c43642487.png|https://kream-phinf.pstatic.net/MjAyMzAzMTRfMTM4/MDAxNjc4NzU3MDU2MzUx.AQT4iOA5xa9SUZDGZ2zV-88N82D0UILCFTMZBaJUceAg.g0n0RMG6A4JuZDPucAZfi9H6IFU0riF3LMtaHcc_F0Mg.PNG/a_19e2681b09a84cce8904281f0810d99f.png
17576,Jordan 1 Retro High Not for Resale Varsity Maize,조던 1 레트로 하이 낫 포 리세일 바시티 메이즈,"1,500,000원",https://kream-phinf.pstatic.net/MjAyMDEwMjJfMTE5/MDAxNjAzMzMzOTQ3MDYy.RkWz8jFJ8Rar7LdUrSYwi84YdoCKgAQBHTXg7N7HdWAg.T-_ff2gNxgJDwFtND0PF7y1abUambuG7hyMYGXYZ4Bgg.PNG/p_17576_0_c8c871e0c3c343f292b1674e3e7ebaa1.png|https://kream-phinf.pstatic.net/MjAyMDEwMjJfMTIx/MDAxNjAzMzMzOTQ0NTky.trb5-BFuBsoFQ0QsCAhPG98uRgJ3bMhi1W75FkPAYJEg.bReeMC-cBBBAepPDXNgOoQeZO81WlhVoNMq4J1Fv1IIg.PNG/p_13902_0_33979d5bbcdd4ba7a2f2b706ee1451b3.png|https://kream-phinf.pstatic.net/MjAyMDEwMjJfMTQ1/MDAxNjAzMzMzOTI4NDc4.t3T4J6rcad1PPfFpAYS3A7-v0kF35T97zw1xHEfORGcg.Cnv8U0r11E0X3Uf6rH8LEahizmmXDkK4UGpWugWOKKUg.PNG/p_11860_0_e535557b5b8a4f48ab13d554f8e37844.png|https://kream-phinf.pstatic.net/MjAyMDEwMjJfMTE1/MDAxNjAzMzMzOTQxNTY1.mdrXYo8-4_kP0Nkx7AYreNuyzWKpyccUojrQT-VSMvAg._2vWuEBLuo1ZvuhvNwJKz-PXCT_NDPWaU23NzOIxSsog.PNG/p_12373_0_ecf036120d4e4280ab3884a0029176c1.png|https://kream-phinf.pstatic.net/MjAyMDEwMjJfMjY5/MDAxNjAzMzMzOTMzNzI2.KPvyThnD209VT5yovjtn5c0fcFUVmBv7B-LZ8UFD9kAg.74sCsIKRWEfIRCtxqTkAgc44KLYaTaEx2kPqQ0BSefkg.PNG/p_17496_0_cc380585556542f4885b1b3beef63cbb.png|https://kream-phinf.pstatic.net/MjAyMDEwMjJfMjYw/MDAxNjAzMzMzOTI4Mjgx.5LsgANZrU7Q_b6iBqpA9RfW4-7QSnGyc6yGPIJxMaKkg.WgsTStcMDt4vKDMY3IxA8i9oQf4CXe6jHF1aIGu-nd8g.PNG/p_15132_0_f1d083022ed34a39b5237b2ca6658a31.png|https://kream-phinf.pstatic.net/MjAyMDEwMjJfMjky/MDAxNjAzMzMzOTMwMDU4.3gol5znR2b5Om8VjMCGvGL1DBpXLY795Qn4S37O4UGQg.5dLXmZytXtijzCEVXRzZtfQfdtvuvWqXcT9oUgm0fGUg.PNG/p_11966_0_f27ba7e7a76b41bcb935124406fb73d4.png
24097,New Balance x WTAPS 992 Made in USA Olive,뉴발란스 x 더블탭스 992 메이드 인 USA 올리브,"2,990,000원",https://kream-phinf.pstatic.net/MjAyMDEwMjJfMjg4/MDAxNjAzMzMzOTcwOTUz.1gx_aMJuGC7T2THch19LNSqFL6YgCBTciq_6R865l4Ug.WaU0erxncgkmfe9qNbJCpLLDt7HNsU6zLsEIa6mJ9Uwg.PNG/p_24097_0_025bdb1657524579bc6313e97eac3f24.png|https://kream-phinf.pstatic.net/MjAyNTAzMjBfNjQg/MDAxNzQyNDQ3MTM3NDAz.52lXMrNoz1Fn9eC9N6tIHH85gruF6fCujtcRjYgRd7kg.JwQ2aczXu_hnalVNA0znoXU6XMcRzQL8UqLzHT6beQog.PNG/a_501fc31eddc742229a56505257a1165e.png|https://kream-phinf.pstatic.net/MjAyMDEwMjJfMTA5/MDAxNjAzMzM0MDAwMTA1.iIdjM12_HfRHifRI1QA141u0G24zUAltmcTGjXPzHOgg.m86nVRPePEdWsFMKi8khKY9UtgqTNjUnZNRI4UxoyA8g.PNG/p_25015_0_7d59f7fa973d47ee8decca09767530b4.png|https://kream-phinf.pstatic.net/MjAyMDEwMjJfMjUz/MDAxNjAzMzMzOTg5ODk1.1qKWDNgy8mB8B_KG9MH93yw8VelRAOvpzrzHzYTLHNUg.I3grnaiVPOj5Ze4lC3z9b_m7uDsRcBkPUYpOlqocI2Eg.PNG/p_25016_0_210651910c734a43842ed1c9ad663e34.png|https://kream-phinf.pstatic.net/MjAyMzA4MjlfMjMx/MDAxNjkzMjkyODg5ODk4.-a006d0N4SX2D2UAt7_QaCFCYedgjxTWLsPXaSRtvJQg.ELulqWArS2a7ORHqSOOIdiaYuLzvhCswAkqI4fE-rHgg.PNG/a_4fb14452d3c74cdb9af7667610db28c3.png|https://kream-phinf.pstatic.net/MjAyMDEwMjJfMjUx/MDAxNjAzMzMzOTk3MDUw.fuKpRh0lyQ-bF5Cnkbrp816Ozh-_IUdkinz13drp9vIg.QL500mVJC_dgMjGhA2-uJh8-b1ikjSATVYwD7UMPt2sg.PNG/p_25650_0_f6370b17932c4396a0af8e646eea9ff5.png|https://kream-phinf.pstatic.net/MjAyMDEwMjJfNzQg/MDAxNjAzMzMzOTU1MjY5.15Ag_BQsDeZA679S72mDKVXDo-SMueh33bVnzNJzjZgg.5F48SZLtCO3e96fIIeGjgnb51egkbj5rl0SfQnUBbwMg.PNG/p_24299_0_e9bdf9f52399462da5676076fc4734c9.png|https://kream-phinf.pstatic.net/MjAyNTA0MDFfMjU5/MDAxNzQzNDc5MTQzNTQ1.a049tt05-GO1Ijfc4IjUJJLDkCXjAIDBeOcwfR563VMg.ElJgcmCMC01IWJxoXdCEWRrg-zhZhp2hFqJTXr6EZ6gg.PNG/a_d01341bb61e94412b61c0a4c26639d9b.png|https://kream-phinf.pstatic.net/MjAyNDExMTFfMjc5/MDAxNzMxMjkwMTAyNTEz.4lK0ALHc98t5dcawuAJm9WQZ6NPoePOi8bqRwOGz53kg.cnoNsfHbjkqd_iwtVjeTDKRKsMQBcBmiuEg5a6s37ywg.PNG/a_c98ab71012f044bba8515ef78b4c1b68.png
2491,Jordan 4 Retro Doernbecher,조던 4 레트로 도언베커,"8,500,000원",https://kream-phinf.pstatic.net/MjAyMDEwMjJfMTc2/MDAxNjAzMzMzOTI1MTkz.MYfMRRhDj3f0mYJdaaCbUhtP5iJDdxBdsKa1MFWWPDwg.b3PRtQ4akrM3UZupPV2TEsTIj_tjcRbzZWdA2MqV-osg.PNG/p_2491_0_3ceb8624b5e24cc195ddd6a5d92f88ad.png|https://kream-phinf.pstatic.net/MjAyMDEwMjJfMTg4/MDAxNjAzMzMzOTQwOTE5.awICIm0RH0HxuyZC0VknHiRHpfGv39q9-Rbf79viZ7Ag.HywN0EFFPzho6dCjVyyjBGE5snO97eTbqECHW5xkIqog.PNG/p_2821_0_2935eab26c684e05aa2aa6988fa81ac2.png|https://kream-phinf.pstatic.net/MjAyMDEwMjJfODIg/MDAxNjAzMzMzOTUyMTQz.sYWneGsPhymPCbprhK_WY39JSw7_2E3YpKuEvNHqmqYg.WuNM3bxIGjl-pRVxHLsIMtUR77kqkMSo2wgF1SauJnEg.PNG/p_10246_0_49824532c3db4004ae54e1592130f096.png|https://kream-phinf.pstatic.net/MjAyMDEwMjJfMTg3/MDAxNjAzMzMzOTM0NjIy.X-crL0ykH3mdOC888pVa-ZxMooOu8e69yZBudG6dJPMg.Eo-ClZjPIXPaZP-DcH1w2bufEIgvu2Ae9SjIkrQt8Mkg.PNG/p_2711_0_bef1129e6c1546868c38537241cb1282.png|https://kream-phinf.pstatic.net/MjAyMDEwMjJfOTgg/MDAxNjAzMzMzOTYyODk5.cxuXMIFMxhzI7EqB_xWQuTX7q7hhxzEGWq6lKJfQim0g.q-wepIVG-QpoPn8TzWdLmYri05oKy9k59N0nMnUUg8og.PNG/p_15385_0_958789a8b3e14d668bc6e6cffa1eb720.png|https://kream-phinf.pstatic.net/MjAyMDEwMjJfMjE1/MDAxNjAzMzMzOTQ1MDg5.IIj-7lhi8sUWR4DCZqsAADTdHYLhyfhBcRjRb4RNWM4g.yVbU3aDi74Oy4VsZHAR9DA2cfgIzKaQDCBgGGIa-eTIg.PNG/p_10528_0_156aa805f2a449f08cd17ee1376fea1d.png|https://kream-phinf.pstatic.net/MjAyMDEwMjJfMjQz/MDAxNjAzMzMzOTQ0ODY2.ld7j3zPvh2ktDQxjWrKV1tXgq6ncza0yLsIlagsqHP8g.LTrqWolYLy9nwYWG9y4HgM9A2YGr3x5KpXXjclPfTNUg.PNG/p_932_0_59a5fa9fd68e4c4684bad30efdedba71.png|https://kream-phinf.pstatic.net/MjAyMDEwMjJfNTgg/MDAxNjAzMzMzOTUwNTQz.etZfHoHSfFlppPjmJag0iRFoGOZYMNnwdcG3qurGb90g._RgacxK-hLDZZ6RK49ewOhusx4FTiswxhENL5Ng4CEcg.PNG/p_6693_0_fe3c55d0fa2f45768b0dad9207e7b7a5.png|https://kream-phinf.pstatic.net/MjAyMDEwMjJfMjQg/MDAxNjAzMzMzOTQ2NDgy.FYPLBUa1__sIut8FlQ8Ptqre7bnE6IwBBbnXNES0JSAg.wxiZFV20XVLixxNOwW3VOpXlPhZ6wgUMNllmiAnk2Rkg.PNG/p_9515_0_072d22967cdf46dca3717802b601cfe7.png|https://kream-phinf.pstatic.net/MjAyMDEwMjJfOTgg/MDAxNjAzMzMzOTQ0NzQy.ETulIsBVHw_z6A9Q9SUmfz4UfrwvWabjcfnhOtQw9Bsg.Sel-ljRhNKMpvMHs7nIjQP4qodSc3kJBDZS6Pjw__Ggg.PNG/p_3504_0_1341438468ec45f59b127d29bf911e57.png|https://kream-phinf.pstatic.net/MjAyMDEwMjJfMTcy/MDAxNjAzMzMzOTQzNTAz.OIBMGdrDQc8TpY1pNBLVwcz1i_F7Uv7IZ5B6InPhAHMg.K7n_nGQ7NP6MIVEhhY8jNiFLjMqZLvfEBkmU3mzDvJIg.PNG/p_2618_0_98c1841f300145dd87b682c49b9ee897.png|https://kream-phinf.pstatic.net/MjAyMDEwMjJfNCAg/MDAxNjAzMzMzOTM5ODM2.71XXqrVvNQtwhv9gJAX1jyRBugacnrwyMvSTcbVydXMg.N-z-ln7sx_KqYPNL_AjWS3AQAuI99-eScOKYaima02Ug.PNG/p_20418_0_db983076bb3943128c6a1917a8763024.png|https://kream-phinf.pstatic.net/MjAyMDEwMjJfMTgx/MDAxNjAzMzMzOTMzNzYx.FIXELw82D_VN__44lLizCy5TuV3xojh_K91SBbkYcp0g.qIdjE-DYyFC9BHZNd8ZK_gzBbt7f52ARf-inOMq6SPcg.PNG/p_3012_0_0f205f643d0946eea1443b88cd9b258b.png
25585,Nike x Kasina Dunk Low Road Sign - Kasina Exclusive,나이키 x 카시나 덩크 로우 로드 사인 - 카시나 한정,"440,000원",https://kream-phinf.pstatic.net/MjAyMDEwMjJfMjAx/MDAxNjAzMzMzOTg3OTA3.CuqAt7xlU86bFkJtPypP9Slk_grYp5UVNErT2KpkIJkg.FWhET_BVQb7hVqj4cEPpNcBIykW0Z3nf5Mja0IDijbYg.PNG/p_25585_0_12658cba38f34b88b7fe005ef5e9e7af.png|https://kream-phinf.pstatic.net/MjAyMDEwMjJfMjgg/MDAxNjAzMzM0MDA0ODUw.52YXDXKOUAffFu4TfJGfr2UB8Zxk_oGU_Z4w3T7jgP4g.PDmRd-e8FJ2jvBexlGKTTt5meHupbE75BUK7qQy6Gp8g.PNG/p_25586_0_524396aae01945f8a26e0f280e5b8fe8.png
86837,Adidas X Speedportal Leyenda.1 FG Gold Metallic,아디다스 X 스피드포탈 레옌다.1 FG 골드 메탈릭,"1,500,000원",https://kream-phinf.pstatic.net/MjAyMjExMjRfMTYz/MDAxNjY5MjcxMDk0MzQ3.igMGQGj_6O4OpkQUw461KJECk6YmCnRcUOfgbc8K1YAg.PiEUOZbCGtWPH5HNrHjO6qvU4GPdoWVeiWLPe4oc2QYg.PNG/a_701bda4aabeb4a1ea6c95179560ad97d.png|https://kream-phinf.pstatic.net/MjAyNDEwMDhfMjc3/MDAxNzI4MzQ5NTc5MTQ4.bvd2WgkL-oQdX6wtYaiJJ9ylnLm1ivwxFE_yFxGC2_sg.-mbbMoELHHTGW2q2vP9E8-fgUGGHh-Ohek6MTsM4CtEg.PNG/a_c9cc8aed9127405e94c45cc11e0b81c7.png|https://kream-phinf.pstatic.net/MjAyNDAyMDFfMjM1/MDAxNzA2NzY2MDYwMDcy.e6H9_yi75opbRpbKd_yVjnMYlsOfuONs7U0QafjhA6Ig.IYkTFGkQKt5V1D9wOwBJ-Te25Pza5px7EkI1M8zBXSkg.PNG/a_6a99ba049ae146f993add3e7b9c584d1.png|https://kream-phinf.pstatic.net/MjAyMzA2MjdfNTkg/MDAxNjg3ODU5NjM4ODMx.ZHSqW2BkmkO5obvYp5TLgWw5ouYjOz9Qk6uSYLyyV0kg.enti4Ywm692M53fp61SCc1ve29U5OjAN4FzbPwUycl8g.PNG/a_39acbe22ed2d4abcaba9349b39b93b13.png|https://kream-phinf.pstatic.net/MjAyNTA0MTVfMTg0/MDAxNzQ0Njc4NDgxNDE0.vewhj4u3lcPxuZEA1OF4iDzGGiqCQv8xpHgHW_qvI3og.U3ZctjDW4dHZ4YzVC8bbDxDeHLfS1yXs_b02e7SazWEg.PNG/a_b5b1ae09280c4072b2f36c83b7a840d6.png|https://kream-phinf.pstatic.net/MjAyMzA2MjNfMTUy/MDAxNjg3NTA1MDk5Njc5.3qLZBViCHne6GivxNFvxwOWKFVWcCW2iTH5JBvCnXFog.vXnIInd7MAjkNS07Tq_OAwOurfV9zyxaNnly742CHyQg.PNG/a_6a9039bdd3a04788a5ae278b399cb48a.png|https://kream-phinf.pstatic.net/MjAyNDEwMDhfOCAg/MDAxNzI4MzQ5Nzk0ODE1.qmb1iAX3LfoR0uvnavOqkoCWvGM0NDbJ01Oja8ZnAfEg.hzLolsLALOz4Fjvb28gYhGvoGlV1DgHmLk0Eq7FPpGYg.PNG/a_1d207be745fd41be90a3d72d621f4edb.png|https://kream-phinf.pstatic.net/MjAyMzA1MDJfMTM5/MDAxNjgyOTk1NDI5OTc2.H5XIovOSck9737A05cDeXNBLCOG47VpWw4t3H-fR8sEg.k8JgZWBaDJK0FBjtSlu5YWbnT0cKN5TRlChCMx1XOzsg.PNG/a_7403425e11cc43d999e049b8b77a9eb0.png|https://kream-phinf.pstatic.net/MjAyMzA2MjZfODMg/MDAxNjg3NzcyOTgzOTM3.UPpyRVq-6pRQNA6dnvTC6bfLdmFb5EIy_jMqGe6Ig-Ug.Q6Py-YPd7KsUjZ1LiWQWVnomdWizT4UZNwJyeT7JNCsg.PNG/a_a099066b9b1b4a7a8c35947ab260b258.png
9802,NIke x Atmos Air Max 1 Elephant 2017,나이키 x 아트모스 에어맥스 1 엘리펀트 2017,"738,000원",https://kream-phinf.pstatic.net/MjAyMDEwMjJfMjcw/MDAxNjAzMzMzOTUyNDIw.OH6lOa7rPdqCpHvD60KS559oCgODDzjs8OTMqK27e_og.DDHXIFG4FHHWVWy3hsRwPGNjrF0hCGvjbZyvBoLcQL4g.PNG/p_9802_0_e6d154879ed54943b0a3c4e7c6da2ada.png|https://kream-phinf.pstatic.net/MjAyMTAzMjRfODcg/MDAxNjE2NTg2MjgzMTYz.ajDqA7RsW-duzYoSh3-5Fr1IfqzDBaExcHBFrovVAZMg.wtg74dbpW8Y01LfvqVyrVHmf_QLJOAB3LjE0u-RIfw0g.PNG/p_8598bac48a5c4c2aa19a35a80b4f039f.png
39129,Nike x Off-White Dunk Low The 50 - Lot 5,나이키 x 오프화이트 덩크 로우 더 50 - 로트 5,"5,000,000원",https://kream-phinf.pstatic.net/MjAyMjAzMjJfOTMg/MDAxNjQ3OTE3NzkxOTg3.eOaYa00hFLacKosMEE6idXvqy6E3xagTIFZ6eMKFZ6wg.P-jcUsme2HXEUmbjPZExOwGR2nVZ8ayw07n7Ssx9p5Ig.PNG/a_75d84fc1c5c943faaf34d66b0d6cb6b9.png|https://kream-phinf.pstatic.net/MjAyMTA4MjRfMjEx/MDAxNjI5NzczNDczMjI3.RUZ5oeFNtD0052sucP7P8aUyTw_AFeKkBVYVbMPJpX0g.PJH6-Clk_Ygf9_pvB8dOaqP-q-KeaFJj03vLFbP5ARUg.PNG/a_cd0b68454a4b468794b92b75272b2210.png|https://kream-phinf.pstatic.net/MjAyMTA5MDNfMTEx/MDAxNjMwNjQ4ODgxNTM4.roAGEOzQMUMm4Cz9ujHjgfZiN-X6HKI-Qi-6j0rR-J4g.KLlXvmMzdlpHjb0rOH6ZDuZNMqHGzICAdB52EE2e3iIg.PNG/a_d4eab24c47e1471f87bb743165e4942e.png|https://kream-phinf.pstatic.net/MjAyMjAzMjJfNTMg/MDAxNjQ3OTE3Nzc0Mjc2.wFBpQa5lfZBv6gaBrcsWyjZiZjE01R2r96LQ_fMj7jUg.D_ZgSAcwJadLLB1qT_zWTcHDPejuKXGqNmsADhFfb-og.PNG/a_ecb0193b418140a38079c90934a2f4da.png|https://kream-phinf.pstatic.net/MjAyMTA4MTBfNDcg/MDAxNjI4NTU3OTI4ODUw.rXQat0igKpr1xjOrkLa-4dufRbg_NCLuHmQURMDFcIwg.O6q5W1DqeEbw69kEoAagewRKXqpNOvv__uifrYkSaR0g.PNG/a_66993b22bb934db18d3cdd7d1c275bca.png|https://kream-phinf.pstatic.net/MjAyNDA3MjVfMTIz/MDAxNzIxOTExODgyMDMy.nBjK_AN_hSKzliQcI8K70R6Ezun9SYM01dbfkNFOvecg.uZxl9cM611G-acIwXweq75FOKWuUyNhWat5aPpiM4RAg.PNG/a_ebff1cd90b9d4d608e2646a4de0afd47.png|https://kream-phinf.pstatic.net/MjAyNDA3MjNfMTMy/MDAxNzIxNzEyMjA0NTQw.pUCUiqYw1CyKklflaSgU6ldyXVQIArdIYmPPgwEAKIsg.K3gXWkp-loywmWbjr4viZ0dodm-67UUY3tw35_ueJPIg.PNG/a_ec80e2d6f7d7495d822ae94473afb939.png|https://kream-phinf.pstatic.net/MjAyNDA3MjNfOTYg/MDAxNzIxNzEyMjUwMDkw.mZiGKHPEe6kakRJJimiFHNkulr-27jipgxAuYsKyPuYg.fxTgZo0tgtXgIRvtC_0zc3nhgnj-zBPjY5ywzIZZ51Eg.PNG/a_8c433874481249b1ba9be5def52684db.png|https://kream-phinf.pstatic.net/MjAyMTA4MTBfMTUx/MDAxNjI4NTU4NDY1MTg2.NNEmLUsG3lqBa_5cz88iO2S-sc1T0AncX_c3p1QvMmMg.w0BY71PWg2WF-snJOCTk6J5RW6e_kvtXS45n4II-AuYg.PNG/a_89575a6e3d5f4564a0f90b5f0d013644.png|https://kream-phinf.pstatic.net/MjAyMTA4MTBfODIg/MDAxNjI4NTc3NzY4NjQ1.iuyr8BiuWbO-DBet19oNev2VNF_OkstoNOznd1TmdlIg.mtu9Iw_SlAoUiGE-rLb1xBTYQP3T255z15tsVBYwlIIg.PNG/a_cb40b0132d8343c0894a2b8999a35e85.png|https://kream-phinf.pstatic.net/MjAyMTA4MThfMTQy/MDAxNjI5MjY4NzY2ODk5.kjFtjtEy6TZ8FoPHj7P45V2Z-dw8OPgIs44mXjkU2v8g.S33cKzKXskwi8cZZChvtQrdGWVxRVvLAouyP6gZl324g.PNG/a_b79da82e8bb44d5bad1f51bc77862c06.png|https://kream-phinf.pstatic.net/MjAyMTA5MDhfOCAg/MDAxNjMxMDcwODEyMjQz.98k0oC5Yy5piTDGK1HUX0xd1suMqFGMhgWMtX1wR8acg.2P2rTHoy27yuPs2Wr-2nBGHmTtSK56dNMuvKsyO5gzkg.PNG/a_2c6a8361e8ed4011a227eb512caf8fa7.png|https://kream-phinf.pstatic.net/MjAyMTA5MDJfMTY5/MDAxNjMwNTc0Mzk5NTUz.UgSow-DYZTBwXEAbB3DwscWboqTAJsPfAlsiGezsRg0g.ZflwJF9Jw5a2fBg_eozUoNjeZ3oD0QSjUfWuxTGi-rUg.PNG/a_8e1536c49cb643e5a7f8eb83027cbb06.png
5066,Adidas Yeezy Boost 750 OG Light Brown,아디다스 이지 부스트 750 OG 라이트 브라운,"5,000,000원",https://kream-phinf.pstatic.net/MjAyMDEwMjJfMzcg/MDAxNjAzMzMzOTM1NDEz.FzXM7jjgrvbtlBxDU3TLDT4o4srAYAo4p35_Wa-qliMg.EX8LjRGZA5XgLJAs-oXTiN5I1-F2tANTYhAmshwEHpQg.PNG/p_5066_0_037d7b82dabd49d5a0b296fd02947ad5.png|https://kream-phinf.pstatic.net/MjAyMDEwMjJfMTYw/MDAxNjAzMzMzOTUzNTIx.9UMaW5Ga0O-oMQ12wQD-y5hOiCVRNetYC2XLDPxE1C0g.5T5xM-zd9mJmmw0Il70qrkSZFcW3Os9aKK-7hObfea4g.PNG/p_6030_0_b4655dd0fa8a4cd998da218c0c9f28a6.png
6977,Nike Kobe Aston Martin Pack,나이키 코비 애스톤 마틴 팩,"60,000,000원",https://kream-phinf.pstatic.net/MjAyMDEwMjJfMjQx/MDAxNjAzMzMzOTQ4MzYx.zq4mFIOvMx7TvbtFt25-fnOhy4C-qBC9qA4cKiZsMlUg.krMrO-7jeu6lqJxjbHxe3ALhn-dbVcXvvm0jlROK7XUg.PNG/p_6977_0_97a8fe478aeb4a6ebc82ae5739e8ca90.png|https://kream-phinf.pstatic.net/MjAyMDEwMjJfNzQg/MDAxNjAzMzMzOTUzMjc2.ZUBmCdjJM7JLL8cnFqWxjrQApQYfoOE869ViZgXeFsUg.7vKj0KMxkG4UUfcQTvki9dEdT1ZGjxwQkFVh4t2evusg.PNG/p_6978_0_00fc65f1d79840d096b6f30b980dc49a.png
9799,Jordan 3 x Nike Air Max 1 Atmos Safari Pack,조던 3 x 나이키 에어맥스 1 아트모스 사파리 팩,"1,200,000원",https://kream-phinf.pstatic.net/MjAyMTAyMDNfNjUg/MDAxNjEyMzUwNzQxMzAw.TLOaeBAHBk0wvKH0u5VwZL63g4cOmSuAUS712hJGR4og.S-No3KAqHy3AiNJ9GdlPdbrlF2yNSGEAWNKkR4hgG2Ig.PNG/p_2907a07e9cb94a75be37b2ac5456bbde.png|https://kream-phinf.pstatic.net/MjAyMDEwMjJfMTY2/MDAxNjAzMzMzOTQxMzA1.ZtXQaNt8-yvapwp2OX3j8MI_kqRRC60SkowWxEdMU_og.DtNChw7q3MP4dB2CDk-2s6Hia8cPT6i0aQeI_z78ZN8g.PNG/p_16264_0_a95cf3f29ec94894a9d527820242393f.png|https://kream-phinf.pstatic.net/MjAyNDA1MTdfOTMg/MDAxNzE1OTM0MzU4MDM2.fgf_ZUIkBQaWn4gzXl8J0imwwoC4ZZ8KObxXKj2sdMog.tS0JCJfoi3kMBZ-cB5c7vYgj53AmPFZf3oB4uW8tGEIg.PNG/a_38cabb79aa6c4dd6a505e1ff05334d3d.png|https://kream-phinf.pstatic.net/MjAyMDEwMjJfMTk5/MDAxNjAzMzM0MDA0NzI0.TrQuBZb2OR_wBU5HbZ7peowQGrz6OwlqgaT0KA1_5Cog.RoEZ7_g6X6egU2fOLq6951x1BpREkl8-pNJpsQniKAQg.PNG/p_25490_0_7d2825a95b424f9384b3689c74ab1f81.png|https://kream-phinf.pstatic.net/MjAyMzA5MTRfNjUg/MDAxNjk0NjY3NDY1MTMx.4xZ5HLoPLJtxW7etKvcmL00wNkscqi6gzt30mPAH-18g.efN6uxIAhPHTZxN9Pa1quwM8L7VxXZmnV_KCFx7KTysg.PNG/a_20595f9b20714bc083ecddc8928af90f.png|https://kream-phinf.pstatic.net/MjAyMDEwMjJfMTIx/MDAxNjAzMzMzOTc2MzEw.kF59feQlohDMCUtTzDJO2YQjLZxC3vP9ZySrMluGwzog.81MePkHoF17VyWfco2lGWYKnl3G_GDthRupk3QMSh3cg.PNG/p_25125_0_e2fda09808204311921aa8161be93033.png|https://kream-phinf.pstatic.net/MjAyMDEwMjJfODcg/MDAxNjAzMzMzOTUzNzE5.XfTI6g8tAwV1T-KCP-wpR8X1q2ldUfpCWNd2LlLOCS4g.I6JMbc0MwObmw8_9WXHEmuKn5aBSGMIxfjtqbmp42q0g.PNG/p_16434_0_a07876e4fa494dd1a3a0972158056f52.png|https://kream-phinf.pstatic.net/MjAyMDEwMjJfMjM0/MDAxNjAzMzMzOTM0MDYx.9SDJk0GFRQYTdEHS632Cm-DymhhquxdxK8IbSBWTe8Ug.24wZQxhZtLqiSOGIVp6IzGcWOzhVXx8CGt67sVhaogog.PNG/p_14263_0_4daf2c0235674dc9a2b81059b9276fc4.png|https://kream-phinf.pstatic.net/MjAyMDEwMjJfMjQ0/MDAxNjAzMzMzOTMyNjk4.lH1rlIXj7HG35z6gGpfvjQFejXRJ9tr9LQNT_wUNJtUg.DgR8TzVfbdZeCbrsgEPsXTIaJVVfLXqnr674gI9LIFog.PNG/p_15801_0_4525d456836849ff9079d83a7027a806.png|https://kream-phinf.pstatic.net/MjAyMTA3MTJfMjIx/MDAxNjI2MDY3ODk3MTU3.1jSULKiJdvMOmwWhgQ0QfwpOacMerL5moL2q9rutslIg.HHWJRGm0z4lV0ESWXj6BSryapfvNDlHS3SJof3XIfCUg.PNG/p_c7a3ada26b214b31a4bfe922ec950278.png|https://kream-phinf.pstatic.net/MjAyNDA2MDVfOTUg/MDAxNzE3NTUyODk1Mjky.rtM51hRfjULU7-eZGX7xOOFeL0-eLcREAo1MHr7eRb0g.syHS-f-NEg-NM-9-aY6XmwS11xVTYVoQ-Y_tlKd5kPAg.PNG/a_83c49c86990342ec91701437b525ab71.png|https://kream-phinf.pstatic.net/MjAyMDEwMjJfMjI0/MDAxNjAzMzMzOTM4MDE2._F-p6OZkrOmNRLOCcYFq1rzt6AFjaeR0g5lcwQJrpWEg.WoYaVyXsUSiendz3dt-tdBc-E5LyvdW46Um8uXSjsgcg.PNG/p_9543_0_a9ef9f411ee846ca855734d114cd2684.png|https://kream-phinf.pstatic.net/MjAyMzA0MThfMjE4/MDAxNjgxNzk4MDYyMjg5.pyn--ZWlrWI96ECeKSmbtKqtRM5FcIRp5qKC3eqMbAAg.NQqqGujncPSLDwQbgLW99Qq5e2G1sRwmTwmEcI7ba6Qg.PNG/a_a06bb8c39ed14a508e5787612f13b725.png
30610,Nike x Supreme SB Dunk Low Black,나이키 x 슈프림 SB 덩크 로우 블랙,"480,000원",https://kream-phinf.pstatic.net/MjAyMTAzMDJfMjUw/MDAxNjE0NjUyNzMxNTU2.jQlpMRYLx_dNGm2Dr_HKo5miKOHg9Be7twmFRBgMEUMg.L7JNPDgISRtH0190SIGnYsj66Fr9RDFCWQ9j9rwDkTUg.PNG/p_4357d31c634740058acfff83812282f8.png|https://kream-phinf.pstatic.net/MjAyMTAzMDJfMTcy/MDAxNjE0NjUyODc4OTQ1.IVXA_MhoJKFzYKvgAuOfi8xz6_dnc4hK0KoqkPIMz2Eg.kHPY34kDcABnJsLJ91cmkUpmXybpswzM1hktStLAYecg.PNG/p_9103a04e0ea049e5894a40dd3d807915.png|https://kream-phinf.pstatic.net/MjAyMTAzMDJfOTkg/MDAxNjE0NjUyOTg5MTYx.uprBCFuhK6NOSOv8O5Cx3NlRTh3nV87uhJJLmDek4Ksg.ec4oUDPjVbAq2lThWVjNA-ax4e0q5laG434RFJ_VFHcg.PNG/p_6efa8acf633c4e38b6a36bfcea51a4cc.png|https://kream-phinf.pstatic.net/MjAyMTAzMDJfMTAg/MDAxNjE0NjUzOTM5MTQ5.y_IurEwqE22c4p-6RzsTsKubZgEWOH7fyS8wAkgJQ98g.hntVHxmgQToimMLoYyXvbnn8KT1DTLNcCIG4_-Z9RVAg.PNG/p_c23767400c974103bc08c2a067b05082.png|https://kream-phinf.pstatic.net/MjAyNDA1MDNfMjQw/MDAxNzE0NzI4Mjk5MzY5.Exdj-DdeyjuBv_SUJw4z4dCtKoV6PYHBrRUGA9OMjn4g.LjLS8-yKIcLpuUvG_j5Wl-L1sxD37-uqjluGpdK80Q0g.PNG/a_2d4b2447791f429cae2ed391b05c59b4.png|https://kream-phinf.pstatic.net/MjAyNDA1MDNfOTcg/MDAxNzE0NzI4MjQ5OTQ3.BVOxeM65bsr20Hkdt3H5TTtNpmCWfXyQFRnEr20ww-wg.TSLknHVox8xSH_8Lg4HVpVtlXSw3ej6SqwGDyLd4t3cg.PNG/a_88accbc21375465fadfcb3bc3c578f4f.png|https://kream-phinf.pstatic.net/MjAyMzA5MDFfMTg0/MDAxNjkzNTQ5NTM4MDE3.-p11LXYGhfNi5Q1WST3BDYzQEF5DWqTl8v7ws9Y6Yf0g.lfJxKyPxiNFvK7P9jUfYYvnFdW_mXG27UgAAX1uSmMEg.PNG/a_70039e728b754530ab8578e825b4ec2e.png|https://kream-phinf.pstatic.net/MjAyNDA1MDNfMTMz/MDAxNzE0NzI4MjcyMjk2.z7PorXQL_lJYqzgrlpObM1Fw8urk7jwP2hT-5b49_zwg.LI-8mzWAVT7WQikdxDL0r2VT64WDwkH0f25AxJAnh9Ag.PNG/a_097bc4e8c3c44ac29e1a397d827abd08.png
202853,Nike x Sacai x Jean Paul Gaultier LDVaporWaffle Mix Low White Sail,나이키 x 사카이 x 장 폴 고티에 LD베이퍼와플 믹스 로우 화이트 세일,"1,400,000원",https://kream-phinf.pstatic.net/MjAyMzExMjJfMTIy/MDAxNzAwNjIxMjMyNjMz.pI575uSihjQIgoJiyJGkEUTaTjWJN_zZ-MVl1G7sDkwg.pqZB9LW6EDsL9ZH4_YcSrgtXRC38IuQ4nLYqUVo9pFkg.PNG/a_3f3230b108884d49b28bab820e097692.png|https://kream-phinf.pstatic.net/MjAyMzExMTdfMjYw/MDAxNzAwMTg3MTk3OTQx.TnWoMf-dUrOeCj7rDcfsV-OMx5SSfQsPJYg14y_8tQQg.tCbzphOdEWDP-Ti2eQ7UhguaWBZBmR6wR04C_SP-uRQg.PNG/a_e18c1bc512e44b558dbc72f3cc48890c.png
65492,Louis Vuitton x Nike Air Force 1 Low by Virgil Abloh Met Silver Black,루이비통 x 나이키 에어포스 1 로우 바이 버질 아블로 멧 실버 블랙,"12,000,000원",https://kream-phinf.pstatic.net/MjAyMjA4MDNfOTkg/MDAxNjU5NTA4MjQ1OTc4.7z6fNPIjlWrEjDzNyAJtXbtl5N4fGsaYYfbzA1CleHYg.78ns61J3IcymXF3Obk7kfi2hLhwtqvAMYgEBG2mBUU0g.PNG/a_1fb87615065543a2a4e41a9d899c404e.png|https://kream-phinf.pstatic.net/MjAyMjA3MjZfMTc1/MDAxNjU4ODEwNzE3MDAz.zgupJkasIETnHDAcCAhQcDBmYseEoioDQQPUHIzG7TUg.6Opw6eTwuUEc320j8BFvm_cFNZy-fxKPRgQ3YkGAAJEg.PNG/a_dfdd8373455c4a1f8259b51f7565fa54.png|https://kream-phinf.pstatic.net/MjAyMjA3MTRfMjAz/MDAxNjU3NzYzNzE3MTQ3.oNvrYOqoQeJjsbtgSsC-lPLlVQrDA3i26T3GU5Zpo-4g.kqFgpz_ZtWu3AOmv-w3BTgyX9Dx-2Wg6Dvba2gBV0twg.PNG/a_12b6e70b56dc416d96074eb80f3f1e34.png|https://kream-phinf.pstatic.net/MjAyMjA2MjhfMjM1/MDAxNjU2NDA5NDcxMDQz.j-GVD09-h5TiuPsIJRJYMPuTOu41lapV6_xVB0A4fLog.9HHptGLHtS7SLCV5k6MyLL-rd6CkAC7FPT0dG9w-yrcg.PNG/a_e210cbf1b2e541028f13e24b7a7dced9.png|https://kream-phinf.pstatic.net/MjAyMjA3MTFfMjgz/MDAxNjU3NTE3MzY5OTM4.SbCV_u8d-HjoFHvvnDeTf95SFIcN39P-2ReBDxOaAn8g.BQYC9PspHEpknLMxpBZQv9mOcb-73HquQyXc4e8lpMEg.PNG/a_05f6c784c0c6401bb6ed17184ef34019.png|https://kream-phinf.pstatic.net/MjAyMjA4MDhfMjY2/MDAxNjU5OTQ4MTIxMjIx.JpIqsPBcFwCmaXUVxBWc0W7LQ9ur8ftJR5U5LRVAz2Mg.Yid4TITPVWyQcgca7bz13hzNCE192f-Tp6sAMpha0u8g.PNG/a_d0e03064bc0f40caba62cb69150949c7.png|https://kream-phinf.pstatic.net/MjAyMjA4MjJfNzEg/MDAxNjYxMTQ5OTY5ODU3.N8ottj2L-ukH7326168R5AmyRowSSIh1OIwqicoStngg.x-Toq0GPKUSwR6gaK0iFyDxGdFWgEw4-D9f7MkwCCtgg.PNG/a_292fde43feb44e68a6993a8daf18fa1f.png|https://kream-phinf.pstatic.net/MjAyMjA2MTRfMjAw/MDAxNjU1MTg4NzcyNzIw.paWzyXME1vRADFUL4NfZWfSmFtnu01PhsHIyinH0k68g.R7h8MM2H9fFY1PGo9xSitOFzd8VqfdyyJmS2l8SKfIog.PNG/a_46e6e5c8dc7c45a1af0e3ea29600f430.png|https://kream-phinf.pstatic.net/MjAyMjA4MDhfMjEx/MDAxNjU5OTQ4MTM1MDQ2.Hh_k3OAd_-Xp6mlMfSl9NN5GmBTbSS_m_bZUd_midfUg.dWRMeXNBAT_058lIkcMzz_TFB88onDYx3jvIwq2vVQsg.PNG/a_cf10d26e20bd437e823ab410db9d2607.png|https://kream-phinf.pstatic.net/MjAyMjA3MThfOTgg/MDAxNjU4MTM4MTg0Mjcx.9yyDxEm2QpFzsl_5miFprliHOWgE9SCbypNcYAn-vSIg.ax8gMNWmQ-TfpBRfq3u1HqV1sKcxvZBKfQTCT-_yUjEg.PNG/a_f7b35a473f3b495c8e85f6f85f3688ba.png
12220,Jordan 4 x Kaws Retro Black,조던 4 x 카우스 레트로 블랙,"2,390,000원",https://kream-phinf.pstatic.net/MjAyMDEwMjJfMTI3/MDAxNjAzMzMzOTI2NTg1.t7gLb1rwR8zwNOlagscBcmfHW21FmvZci0XYKNPx7ckg.E5fdyA-pJHJX9QmgNJ84fPoMom__EP0mSxM6kql0Xjkg.PNG/p_12220_0_c3dc665c033f4f0291828db7aa7fc3e8.png|https://kream-phinf.pstatic.net/MjAyMDEwMjJfMTgz/MDAxNjAzMzM0MDEwMDMy.WBHd-H-5j0VzFp4I3e4HjT3EjgPiEb6TYyaJpkgNRgUg._5qc8qBDGxHJKGeOmhA0g-ZuV9AvEnG3j63d4ca5lbog.PNG/p_25475_0_4e065773530e4533b2c39da2e273299e.png|https://kream-phinf.pstatic.net/MjAyMDEwMjJfNjIg/MDAxNjAzMzMzOTUyODky.Mkxw93DfvZjkI1YWBhLCyawizxwkn1aSt9u6isJYkzgg.d69oF0H8TTcBfEwIy5CK3SqFWG0E7uQ7G11Rr_fNvrYg.PNG/p_9866_0_c91ad48469c64ee88b342208f014d1c2.png|https://kream-phinf.pstatic.net/MjAyMDEwMjJfMTEg/MDAxNjAzMzMzOTI2ODAz.I0jvAWQWBhxr1mZMH0bsN69JJcaxoCiLaw550cQ8RdMg.ls4sXU865FeI0NMSLdDideei7ftnYjnq0zJUSveKFxgg.PNG/p_15632_0_824aa012c931420f9c3282e5b7a050c0.png|https://kream-phinf.pstatic.net/MjAyMDEwMjJfNTUg/MDAxNjAzMzMzOTMyODU0.5PPB-I6fa_I7g4A4VSbyJTbjfen_7VFCv4C9raAJqkMg.PF-3RtRtp3XedE8djWUZ1sbAuxhnOJcYGexsIcJycQ0g.PNG/p_18194_0_a1b933f2d7f14f5db2b3eabc2d837746.png|https://kream-phinf.pstatic.net/MjAyNDA3MTdfMTEz/MDAxNzIxMTk1MzQzMTQ5.Q8hWL-2BeuHPc38Fzt6-ocIaYqrZh_hJ9Vu3oX80d8Qg.ArXpAzOFwOhRxo2SG-7Pnc4zmZZ0WpYDtvKLYNkNIksg.PNG/a_b28ba7cb18a1472d907b3ba779fe9105.png|https://kream-phinf.pstatic.net/MjAyMDEwMjJfNjkg/MDAxNjAzMzMzOTM0Mjk0.H9ywy7DhwMsYl6GQlnIZb9PIEbWOi4byLhgFSHLcLVUg.dO4WP7Nco-E9snXDnfHB9-bRsM84NjFatY9laFrh5dAg.PNG/p_15635_0_5bc712b34d7d4d05a586b94322b82249.png|https://kream-phinf.pstatic.net/MjAyMDEwMjJfMTQ5/MDAxNjAzMzMzOTUxMzUy.OMFbKuhLu3niqAMcdto21pvLNaEF-sDMsTR8GFN9hk8g.wCK0wPVEQ68sn_0NiMdCRTvN8DwOOzuJaxxi7LlQfvMg.PNG/p_5927_0_e0b3bbde69ff496d941c86827a64eacc.png|https://kream-phinf.pstatic.net/MjAyMDEwMjJfMjUz/MDAxNjAzMzMzOTc5MjI2.IvXud7upIN8ivTslkzVXdCqZDrFHt4XClSHjFjKs4LIg.J7SwwpBEckCYHZlPx_oG6waX0JmeqmOBFsNgAOAv8aAg.PNG/p_23219_0_b30f865fc91146368e3400e1fe0440bb.png|https://kream-phinf.pstatic.net/MjAyMDEwMjJfMjk4/MDAxNjAzMzMzOTY1Njcy.ipqQg1dQINq4oVhfbCj2wWb1tMKu6rWoyqVCE8_H4HEg.QHY5GMFtwS8zdHCKrXJW0p8BEjkrHXcFSEtGjtQlGXAg.PNG/p_23606_0_239109b43f494f7dbce37ecbc9d5d36c.png|https://kream-phinf.pstatic.net/MjAyMDEwMjJfMzEg/MDAxNjAzMzMzOTYwNTY4.wfENvY_APbBNzesFrxn-9XI4PaQ3FJs7FRJvYesQCuog.CG0XxdzML-R4yGYhcy6JGhslihwARE1a1JpyoWw_Xfgg.PNG/p_22843_0_f892e9a10b1d459ebd1b5985f99fabba.png|https://kream-phinf.pstatic.net/MjAyNDA4MTRfMTQg/MDAxNzIzNjAwMzI0ODI1.7sgspUyVapzG2Dqj5ndsy5wCcIsrYyqoUQsozw5281cg.ErSrRaizcOZpuaVm0nlWOEz20mWggfLsNnBMtLTvbrMg.PNG/a_10cc356d79ec4dacb0b9421c43642487.png|https://kream-phinf.pstatic.net/MjAyMzAzMTRfMTM4/MDAxNjc4NzU3MDU2MzUx.AQT4iOA5xa9SUZDGZ2zV-88N82D0UILCFTMZBaJUceAg.g0n0RMG6A4JuZDPucAZfi9H6IFU0riF3LMtaHcc_F0Mg.PNG/a_19e2681b09a84cce8904281f0810d99f.png
72480,Asics x JJJJound Gel-Kayano 14 Silver White,아식스 x JJJ자운드 젤 카야노 14 실버 화이트,"570,000원",https://kream-phinf.pstatic.net/MjAyMjA4MDJfMTg4/MDAxNjU5NDI4MzQ2OTky.hGPtTfVlKAJ5iEm5oWAwMfCEgJdXf73nT79JQzwKWkog.X25yQGW5Hc6Isakayfu8NUWUemyjsDsvyiHJpRdCS5og.PNG/a_e8009a058bab407a86666271010aa426.png|https://kream-phinf.pstatic.net/MjAyNTA2MDlfMTE2/MDAxNzQ5NDQwOTg2ODc2.QEVwNthVJ1kD0ikQP2_YZUzFaA_4ePDd1bMsh7UPbIQg.cXsAvwtXaZsz96Wzzx_dHpDWCIOgaeOAc4LU5wGt5OAg.PNG/a_0b7ca4db7b3f48bfaa89f18f9bac457c.png|https://kream-phinf.pstatic.net/MjAyNTA2MTFfMTk2/MDAxNzQ5NjA1MjEzNTYw.PtY0QWkK5Ka8YapCYRoATIxwC95HorGYDpAJoZovnxwg.Jxnxwi4V9Vss49q7gDa8SL2J8rqw1d5L8_DiaBD4hgcg.PNG/a_4955f018858b4665bde5b99731133eff.png|https://kream-phinf.pstatic.net/MjAyMjA4MDVfMjI2/MDAxNjU5NjY3NzA1MTY1.zdd-udADOuTNvRtlR71zB1RM6pPSwBL87XqQ_gvdii4g.AZYhh8OxL6D2crEHu9E9cR8Yo1wPq-ZAB_dae9cZSMUg.PNG/a_d876a53d015c416b8b53122b842cab81.png|https://kream-phinf.pstatic.net/MjAyNDA3MjZfODYg/MDAxNzIxOTcxMzk0NzQ0._mePAKV3mATDyYH-OAeQD83-_1nIjg_xTJTQJcQMz_og.3txd276Rmfen37AHsGWUNL7znnLOxCi1KVvfZQXP4XUg.PNG/a_35d68e678d1e41c7a79841967dccf94d.png|https://kream-phinf.pstatic.net/MjAyNTAzMjdfMjU4/MDAxNzQzMDYwNzQ2MjQ4.KJLyP5pzctyUKHPeqaAe3qW3zNdUxf-r8iP94WPxZRgg.ugadBtv_pS31N94I53Ivk3IfjU2c9Ykh47NvIVQZmBsg.PNG/a_08c60f1446054c1ba718aff0bfd959c9.png|https://kream-phinf.pstatic.net/MjAyMzA2MjFfNyAg/MDAxNjg3MzM1MTI4OTkz.bln_BwO_tZSjXFJnrJa6_cUDS1Tthuc1TzX97N7XHVcg.ULqmpvZ8EdWLx0EjpQTMZKBfkqJ_1qeMAKuSo8oIxAEg.PNG/a_69a69aa590444de2a91575dc6a401f52.png|https://kream-phinf.pstatic.net/MjAyMzA3MTFfMTMw/MDAxNjg5MDgxMjUxMzIx.KHTCZKIOXLlqZv2dgwvi1FtoQVFkv1w6VrvMfR4vvpQg.LZfGbmPvJIqU8LqTnbdYsO4Z_4K-lLtIt8-TCr-bZ08g.PNG/a_3053765d8f7348eb8c52f41fe0a69bd4.png|https://kream-phinf.pstatic.net/MjAyNTAzMzFfMTUg/MDAxNzQzMzkxMjQzODY4.QQ_m2pgO1FDObTNQsZZ-tsK4BxJ7uyfCCZd0mJ5GKIUg.Zlu4stourstfkC-Z7JbPjOq2W_TpFXWn1u6nFfwh-jAg.PNG/a_dcb9673d513343bdb0d834d38442dbe3.png|https://kream-phinf.pstatic.net/MjAyNDA2MTBfMTA5/MDAxNzE3OTk0NTg2MjM5.xcMiypLWfWVt2vpmht7d1lBIoowenFl6i_QLvlCALrEg.M-sYonwO2DNUKyeYMH1XuuwhX8HOt7Lp9M4zvjMNNpIg.PNG/a_eafd80fec00b41d997acbad7bf972520.png|https://kream-phinf.pstatic.net/MjAyMzA4MTZfMTI0/MDAxNjkyMTgwNTA4NDg2.1DyZIGcJbtqr89C5h3jcHlxZ8cXuePEeh6uX1JYKxPUg.6RBuDnaENIu6DfiO-gP41XgjwE9JFIpUWYnpRjU_gTAg.PNG/a_9faff1e76d9b4058857c7c8c3b404fc6.png|https://kream-phinf.pstatic.net/MjAyNTAzMTdfNDEg/MDAxNzQyMTg2NzQxMDA3.4f8Xtz0uoH7ViVaxWkg1vI3R-v03SBoIOU2O7aBTHz8g.yFTvBGjOKINTqdbZzG3lACloFkLiaOPtXbuuxqBxLAEg.PNG/a_8134e6e2dde64c8f9de261072a4785b7.png|https://kream-phinf.pstatic.net/MjAyNDAxMDJfODYg/MDAxNzA0MTc2NTY2MzU3.y9waLfulEvq4U7h4UYakorFe7X6ACF3Vf31fPGGHFbEg.cGefSlc8OTXfYd09I90ViBTTSg0XYvJoxfIr_inMItYg.PNG/a_7ed7bbb2892448c99accf8dbe04ae1a4.png
23811,Jordan 1 x Dior Low OG,조던 1 x 디올 로우 OG,"7,800,000원",https://kream-phinf.pstatic.net/MjAyMDEwMjJfMTE1/MDAxNjAzMzMzOTU5NDcz.tXAPdpzGubiz8PuGrBfKsJvz742rw8UMe89nXyzJzPIg._17znm4UvONO1BdeDIOpe6_DsTQ8WxcVIZc0hWgtbYcg.PNG/p_23811_0_5933ec62cce2499ab1bceb30c4d34006.png|https://kream-phinf.pstatic.net/MjAyMTA4MzBfNjAg/MDAxNjMwMjg5NDUwNTA5.X7SnPN6FG_lknViWHtGgchgVmqunSFYjM2L0UExqmcEg.TIJrISDnp_v7s3xAzqcL4Ustg1wjv5x56uIfUQIBUuUg.PNG/a_4d1dac08ba194ac8a3c3c916e4bcd3e9.png|https://kream-phinf.pstatic.net/MjAyMDEwMjJfMTQ0/MDAxNjAzMzMzOTY5MTkz.eMa9T-j0gx_Uy25kkSe6lbfQp8M-edeBvvoBes5oGtQg.ESYf1qAW4ShCtF3q8jVh-TUUXidDUkKjmkucdIEydIIg.PNG/p_23597_0_db16c49862104d97a3985e7225f1b7da.png|https://kream-phinf.pstatic.net/MjAyMTA2MTFfMTAy/MDAxNjIzMzc5MjczNDk0.PhN9BhxFOVEmf7VxuHcVapiNjarXcXxeml_rt8gYPfkg.oUscVL7Zv7Ri_f7oztr8wv1XpdsvVhM-RlmLE6MISKYg.PNG/p_9eb8415a48b74d04b9f550796e9bdb7c.png|https://kream-phinf.pstatic.net/MjAyMTA1MTJfMjg1/MDAxNjIwODA0NTkwOTkz.PpdGincA0KiBY8GBUvtvSXnjExz3Yjkh6cEXWLlQLwMg.bAOYeNT4FXU0HgQqTxhSDRS8dFUO6ZQu6-MitK-GTMEg.PNG/p_d5bf34e8347f42e59e2888b79a479bdb.png
25016,New Balance x JJJJound 992 Made in USA Mossy Green,뉴발란스 x JJJ자운드 992 메이드 인 USA 모시 그린,"589,000원",https://kream-phinf.pstatic.net/MjAyMDEwMjJfMjUz/MDAxNjAzMzMzOTg5ODk1.1qKWDNgy8mB8B_KG9MH93yw8VelRAOvpzrzHzYTLHNUg.I3grnaiVPOj5Ze4lC3z9b_m7uDsRcBkPUYpOlqocI2Eg.PNG/p_25016_0_210651910c734a43842ed1c9ad663e34.png|https://kream-phinf.pstatic.net/MjAyMDEwMjJfMTA5/MDAxNjAzMzM0MDAwMTA1.iIdjM12_HfRHifRI1QA141u0G24zUAltmcTGjXPzHOgg.m86nVRPePEdWsFMKi8khKY9UtgqTNjUnZNRI4UxoyA8g.PNG/p_25015_0_7d59f7fa973d47ee8decca09767530b4.png|https://kream-phinf.pstatic.net/MjAyNTAxMTRfMTk1/MDAxNzM2ODIwNDM2MDc4.tapmCajTxvwghhK5puBUyeKOufsBrnTTT957XVs2pAAg.NyQg6g0GEJze-OCyyTtJauhPOo3VjCXCIJLvwRaunWEg.PNG/a_e51d754ef165409e98268551c9a003c7.png|https://kream-phinf.pstatic.net/MjAyNTAzMjBfNjQg/MDAxNzQyNDQ3MTM3NDAz.52lXMrNoz1Fn9eC9N6tIHH85gruF6fCujtcRjYgRd7kg.JwQ2aczXu_hnalVNA0znoXU6XMcRzQL8UqLzHT6beQog.PNG/a_501fc31eddc742229a56505257a1165e.png|https://kream-phinf.pstatic.net/MjAyNTAxMTBfMjIy/MDAxNzM2NDkwOTI0MzMx.jsfR4RZ6U3FVu4sVx9wfaCii_UMiAj0WCCHyOfIeW1sg.ieJDkGSsoNbL3NdSPGe2bfRlK7nsqJdYgHbDTkDoFVIg.PNG/a_16ad6e7564ad4cc0b07005bd1b30819a.png|https://kream-phinf.pstatic.net/MjAyMzAxMTJfMTY3/MDAxNjczNDkzNzY2MzQ4.SlpJWd5ml9JlB1CARlgBH0AKxBY-8u9knv4PaHjmDLEg.LdEnjYcwel2hWcr1KqVGRLJWI5Yr-C4Lma62hBa-_sgg.PNG/a_0dd2274cef2e4c7bb933c7c639fbb0b8.png|https://kream-phinf.pstatic.net/MjAyMjExMjNfMjQx/MDAxNjY5MTk3MjYzNzEx.petnG1KcpqIuroUcuCGxQLJc8mTfHKbPDCftQv_X4pwg.m3TBRv8yjHnf8qf96y65rumj7VA8liXUvYvTpUDsUl4g.PNG/a_16817f65c93547caaa73b58e200a5d67.png|https://kream-phinf.pstatic.net/MjAyMDEwMjJfMjUx/MDAxNjAzMzMzOTk3MDUw.fuKpRh0lyQ-bF5Cnkbrp816Ozh-_IUdkinz13drp9vIg.QL500mVJC_dgMjGhA2-uJh8-b1ikjSATVYwD7UMPt2sg.PNG/p_25650_0_f6370b17932c4396a0af8e646eea9ff5.png|https://kream-phinf.pstatic.net/MjAyMDEwMjJfNzQg/MDAxNjAzMzMzOTU1MjY5.15Ag_BQsDeZA679S72mDKVXDo-SMueh33bVnzNJzjZgg.5F48SZLtCO3e96fIIeGjgnb51egkbj5rl0SfQnUBbwMg.PNG/p_24299_0_e9bdf9f52399462da5676076fc4734c9.png|https://kream-phinf.pstatic.net/MjAyNTA0MDFfMjU5/MDAxNzQzNDc5MTQzNTQ1.a049tt05-GO1Ijfc4IjUJJLDkCXjAIDBeOcwfR563VMg.ElJgcmCMC01IWJxoXdCEWRrg-zhZhp2hFqJTXr6EZ6gg.PNG/a_d01341bb61e94412b61c0a4c26639d9b.png|https://kream-phinf.pstatic.net/MjAyMDEwMjJfMjg4/MDAxNjAzMzMzOTcwOTUz.1gx_aMJuGC7T2THch19LNSqFL6YgCBTciq_6R865l4Ug.WaU0erxncgkmfe9qNbJCpLLDt7HNsU6zLsEIa6mJ9Uwg.PNG/p_24097_0_025bdb1657524579bc6313e97eac3f24.png|https://kream-phinf.pstatic.net/MjAyMjA3MTRfNzYg/MDAxNjU3Nzc0OTc2NDI2.XgS09r6s0cqqKSJ72cwQpJC0G63Qx7C3l8pgvtUvhx4g.yquII9TXoFt8etp_J85h6DKr_Ovg77cJfzygfmEVV1Eg.PNG/a_bdb75ee880b84a698fa9fd346f6565a6.png|https://kream-phinf.pstatic.net/MjAyMjA1MThfMTkz/MDAxNjUyODY5Nzc5MzI0.6mO6QUAz6qnsGI1y8D_kE8W2b7F5F9H_QVGzIBs1obEg.CUoRxJMVNWQvfwg8W97suw3zNOABO28Y9KJLoMllKuIg.PNG/a_fd83fdb83d374fc191452a098c30dd7e.png
